/*
Navicat MySQL Data Transfer

Source Server         : ContestGroup
Source Server Version : 50628
Source Host           : localhost:3306
Source Database       : wf

Target Server Type    : MYSQL
Target Server Version : 50628
File Encoding         : 65001

Date: 2018-03-09 15:11:34
*/

SET FOREIGN_KEY_CHECKS=0;
-- ----------------------------
-- Table structure for `blog`
-- ----------------------------
DROP TABLE IF EXISTS `blog`;
CREATE TABLE `blog` (
  `id` int(11) NOT NULL AUTO_INCREMENT,
  `title` varchar(200) NOT NULL,
  `content` mediumtext NOT NULL,
  PRIMARY KEY (`id`)
) ENGINE=InnoDB AUTO_INCREMENT=6 DEFAULT CHARSET=utf8;

-- ----------------------------
-- Records of blog
-- ----------------------------
INSERT INTO `blog` VALUES ('1', 'JFinal Demo Title here', 'JFinal Demo Content here');
INSERT INTO `blog` VALUES ('2', 'test 1', 'test 1');
INSERT INTO `blog` VALUES ('3', 'test 2', 'test 2');
INSERT INTO `blog` VALUES ('4', 'test 3', 'test 3');
INSERT INTO `blog` VALUES ('5', 'test 4', 'test 4');

-- ----------------------------
-- Table structure for `wf_brole`
-- ----------------------------
DROP TABLE IF EXISTS `wf_brole`;
CREATE TABLE `wf_brole` (
  `id` int(11) NOT NULL AUTO_INCREMENT COMMENT '业务角色表ID',
  `name` varchar(255) NOT NULL COMMENT '角色名称',
  `fstateIds` varchar(100) DEFAULT NULL COMMENT '缺陷状态，逗号分隔ID',
  `workTicketStatesIds` varchar(100) DEFAULT NULL COMMENT '工作票状态，逗号分隔的ID',
  `operateTicketStatesIds` varchar(100) DEFAULT NULL COMMENT '操作票状态，逗号分隔的ID',
  PRIMARY KEY (`id`)
) ENGINE=InnoDB AUTO_INCREMENT=11 DEFAULT CHARSET=utf8;

-- ----------------------------
-- Records of wf_brole
-- ----------------------------
INSERT INTO `wf_brole` VALUES ('1', '值长', null, null, null);
INSERT INTO `wf_brole` VALUES ('2', '操作人', null, null, null);
INSERT INTO `wf_brole` VALUES ('3', '监护人', null, null, null);
INSERT INTO `wf_brole` VALUES ('4', '值班负责人', null, null, null);
INSERT INTO `wf_brole` VALUES ('5', '工作票签收人', null, null, null);
INSERT INTO `wf_brole` VALUES ('6', '工作票许可人', null, null, null);
INSERT INTO `wf_brole` VALUES ('7', '签发人', null, null, null);
INSERT INTO `wf_brole` VALUES ('8', '工作负责人', null, null, null);
INSERT INTO `wf_brole` VALUES ('9', '工作班成员', null, null, null);
INSERT INTO `wf_brole` VALUES ('10', '工作联系人', null, null, null);

-- ----------------------------
-- Table structure for `wf_department`
-- ----------------------------
DROP TABLE IF EXISTS `wf_department`;
CREATE TABLE `wf_department` (
  `id` int(10) NOT NULL AUTO_INCREMENT COMMENT '部门表ID',
  `name` varchar(50) NOT NULL COMMENT '部门名称',
  `type` varchar(200) NOT NULL COMMENT '类型，如部门，专业，值别，班组',
  `parentId` int(10) NOT NULL COMMENT '父ID',
  `hasChildren` bit(1) NOT NULL DEFAULT b'0' COMMENT '是否有子节点',
  PRIMARY KEY (`id`)
) ENGINE=InnoDB AUTO_INCREMENT=9 DEFAULT CHARSET=utf8;

-- ----------------------------
-- Records of wf_department
-- ----------------------------
INSERT INTO `wf_department` VALUES ('1', '运行部', '运行部', '0', '\0');
INSERT INTO `wf_department` VALUES ('2', '检修部', '检修部', '0', '\0');
INSERT INTO `wf_department` VALUES ('3', '燃机一值', '燃机一值', '1', '\0');
INSERT INTO `wf_department` VALUES ('4', '燃机二值', '燃机二值', '1', '\0');
INSERT INTO `wf_department` VALUES ('5', '燃机三值', '燃机三值', '1', '\0');
INSERT INTO `wf_department` VALUES ('6', '燃机四值', '燃机四值', '1', '\0');
INSERT INTO `wf_department` VALUES ('7', '燃机五值', '燃机五值', '1', '\0');
INSERT INTO `wf_department` VALUES ('8', '检修部电气专业', '检修部电气专业', '2', '\0');

-- ----------------------------
-- Table structure for `wf_equipments`
-- ----------------------------
DROP TABLE IF EXISTS `wf_equipments`;
CREATE TABLE `wf_equipments` (
  `id` int(5) NOT NULL AUTO_INCREMENT,
  `name` varchar(50) NOT NULL,
  `parentid` int(5) DEFAULT NULL,
  `hasChildren` tinyint(1) DEFAULT NULL,
  PRIMARY KEY (`id`)
) ENGINE=InnoDB DEFAULT CHARSET=utf8;

-- ----------------------------
-- Records of wf_equipments
-- ----------------------------

-- ----------------------------
-- Table structure for `wf_fault`
-- ----------------------------
DROP TABLE IF EXISTS `wf_fault`;
CREATE TABLE `wf_fault` (
  `id` int(10) NOT NULL AUTO_INCREMENT,
  `fnumber` varchar(50) NOT NULL COMMENT '缺陷单编号',
  `fstate` int(2) NOT NULL COMMENT '缺陷单状态',
  `flevelId` int(2) NOT NULL COMMENT '缺陷级别ID',
  `userId` int(10) NOT NULL COMMENT '缺陷发现人ID',
  `groupIds` varchar(50) NOT NULL COMMENT '运行值别，ID逗号分隔',
  `teamIds` varchar(50) NOT NULL COMMENT '消缺班组，ID逗号分隔',
  `phone` varchar(20) DEFAULT NULL COMMENT '缺陷发现人的联系电话',
  `desc` varchar(200) DEFAULT NULL COMMENT '缺陷描述',
  `comments` varchar(200) DEFAULT NULL COMMENT '备注',
  `tjDate` datetime NOT NULL COMMENT '提交时间',
  `yqjsDate` datetime NOT NULL COMMENT '要求结束时间',
  `createTime` datetime DEFAULT NULL,
  `kksId` int(10) NOT NULL,
  PRIMARY KEY (`id`)
) ENGINE=InnoDB AUTO_INCREMENT=2 DEFAULT CHARSET=utf8;

-- ----------------------------
-- Records of wf_fault
-- ----------------------------
INSERT INTO `wf_fault` VALUES ('1', '1515335155049', '1', '1', '1', '1,3', '1,6', '11223344', '', '测试', '2018-01-07 22:01:29', '2018-01-08 22:01:29', null, '0');

-- ----------------------------
-- Table structure for `wf_flevel`
-- ----------------------------
DROP TABLE IF EXISTS `wf_flevel`;
CREATE TABLE `wf_flevel` (
  `id` int(10) NOT NULL AUTO_INCREMENT COMMENT '缺陷级别ID',
  `name` varchar(50) NOT NULL COMMENT '缺陷级别名称',
  PRIMARY KEY (`id`)
) ENGINE=InnoDB AUTO_INCREMENT=5 DEFAULT CHARSET=utf8;

-- ----------------------------
-- Records of wf_flevel
-- ----------------------------
INSERT INTO `wf_flevel` VALUES ('1', '一类缺陷');
INSERT INTO `wf_flevel` VALUES ('2', '二类缺陷');
INSERT INTO `wf_flevel` VALUES ('3', '三类缺陷');
INSERT INTO `wf_flevel` VALUES ('4', '其它缺陷');

-- ----------------------------
-- Table structure for `wf_fstate`
-- ----------------------------
DROP TABLE IF EXISTS `wf_fstate`;
CREATE TABLE `wf_fstate` (
  `id` int(10) NOT NULL AUTO_INCREMENT COMMENT '缺陷状态表ID',
  `name` varchar(100) DEFAULT NULL COMMENT '缺陷状态名称',
  PRIMARY KEY (`id`)
) ENGINE=InnoDB AUTO_INCREMENT=4 DEFAULT CHARSET=utf8;

-- ----------------------------
-- Records of wf_fstate
-- ----------------------------
INSERT INTO `wf_fstate` VALUES ('1', '已保存');
INSERT INTO `wf_fstate` VALUES ('2', '已提交');
INSERT INTO `wf_fstate` VALUES ('3', '已审核');

-- ----------------------------
-- Table structure for `wf_kks`
-- ----------------------------
DROP TABLE IF EXISTS `wf_kks`;
CREATE TABLE `wf_kks` (
  `id` int(10) NOT NULL AUTO_INCREMENT COMMENT 'KKS表ID',
  `name` varchar(100) NOT NULL COMMENT 'KKS名称',
  `desc` varchar(200) NOT NULL DEFAULT '北京电厂' COMMENT 'KKS码描述',
  `sid` varchar(50) NOT NULL DEFAULT 'HNJT' COMMENT '结构标识',
  `parentId` int(10) NOT NULL COMMENT '父节点ID',
  PRIMARY KEY (`id`)
) ENGINE=InnoDB AUTO_INCREMENT=11 DEFAULT CHARSET=utf8;

-- ----------------------------
-- Records of wf_kks
-- ----------------------------
INSERT INTO `wf_kks` VALUES ('1', 'W025', '北京电厂', 'HNJT', '0');
INSERT INTO `wf_kks` VALUES ('2', 'W025 6', '#6机组', 'HNJT', '1');
INSERT INTO `wf_kks` VALUES ('3', 'W025 4 0QEB10 AA202', '#4炉尿素喷枪无油空压机来雾化空气逆止阀', 'HNJT', '2');
INSERT INTO `wf_kks` VALUES ('4', 'W025 6 0AEA01', '#6主变压器6B高压侧开关间隔', 'HNJT', '2');
INSERT INTO `wf_kks` VALUES ('5', 'W025 5', '#5机组', 'HNJT', '1');
INSERT INTO `wf_kks` VALUES ('6', 'W025 4', '#4机组', 'HNJT', '1');
INSERT INTO `wf_kks` VALUES ('10', 'www', '测试11', 'HNJT', '2');

-- ----------------------------
-- Table structure for `wf_menu`
-- ----------------------------
DROP TABLE IF EXISTS `wf_menu`;
CREATE TABLE `wf_menu` (
  `id` int(10) NOT NULL AUTO_INCREMENT COMMENT '菜单表ID',
  `name` varchar(50) NOT NULL COMMENT '菜单名称英文标识，前端路由name值',
  `parentid` int(10) NOT NULL COMMENT '父级菜单ID，没有父级置0',
  `orderid` int(5) NOT NULL COMMENT '菜单排序字段',
  PRIMARY KEY (`id`)
) ENGINE=InnoDB AUTO_INCREMENT=19 DEFAULT CHARSET=utf8;

-- ----------------------------
-- Records of wf_menu
-- ----------------------------
INSERT INTO `wf_menu` VALUES ('1', 'home', '0', '1');
INSERT INTO `wf_menu` VALUES ('2', 'manager', '0', '1');
INSERT INTO `wf_menu` VALUES ('3', 'fault', '0', '1');
INSERT INTO `wf_menu` VALUES ('4', 'role', '2', '3');
INSERT INTO `wf_menu` VALUES ('5', 'equipment', '2', '2');
INSERT INTO `wf_menu` VALUES ('6', 'employee', '2', '4');
INSERT INTO `wf_menu` VALUES ('7', 'department', '2', '1');
INSERT INTO `wf_menu` VALUES ('8', 'brole', '2', '5');
INSERT INTO `wf_menu` VALUES ('9', 'home_index', '1', '1');
INSERT INTO `wf_menu` VALUES ('10', 'manage', '3', '1');
INSERT INTO `wf_menu` VALUES ('11', 'fstate', '15', '1');
INSERT INTO `wf_menu` VALUES ('12', 'workTicketState', '15', '2');
INSERT INTO `wf_menu` VALUES ('13', 'operateTicketState', '15', '3');
INSERT INTO `wf_menu` VALUES ('14', 'kks', '2', '9');
INSERT INTO `wf_menu` VALUES ('15', 'state', '0', '1');
INSERT INTO `wf_menu` VALUES ('16', 'operateManage', '0', '1');
INSERT INTO `wf_menu` VALUES ('17', 'dep', '2', '10');
INSERT INTO `wf_menu` VALUES ('18', 'operateTicket', '16', '1');

-- ----------------------------
-- Table structure for `wf_operatecontent`
-- ----------------------------
DROP TABLE IF EXISTS `wf_operatecontent`;
CREATE TABLE `wf_operatecontent` (
  `id` int(10) NOT NULL AUTO_INCREMENT,
  `operateTicketId` varchar(10) NOT NULL,
  `optitemid` int(5) DEFAULT NULL,
  `optItemContent` varchar(500) DEFAULT NULL,
  `dangerPointIds` varchar(100) DEFAULT NULL,
  `segment` varchar(10) NOT NULL,
  `factory` varchar(50) NOT NULL,
  `ticketNum` varchar(10) NOT NULL,
  `ticketType` varchar(20) NOT NULL,
  `unit` varchar(10) NOT NULL,
  `set` varchar(10) NOT NULL,
  `profession` varchar(10) NOT NULL,
  `task` varchar(100) NOT NULL,
  `switchName` varchar(20) NOT NULL,
  `switchNum` varchar(10) NOT NULL,
  `QRcode` varchar(20) NOT NULL,
  `sort` varchar(10) NOT NULL,
  `editor` varchar(10) NOT NULL,
  `editDate` varchar(10) NOT NULL,
  `reviewer` varchar(10) NOT NULL,
  `reviewDate` varchar(10) NOT NULL,
  `approver` varchar(10) NOT NULL,
  `approveDate` varchar(10) NOT NULL,
  PRIMARY KEY (`id`)
) ENGINE=InnoDB AUTO_INCREMENT=451 DEFAULT CHARSET=utf8;

-- ----------------------------
-- Records of wf_operatecontent
-- ----------------------------
INSERT INTO `wf_operatecontent` VALUES ('199', 'DR00000001', '1', '', '检查相应的检修工作已结束，工作票已收回；', '404M', '北京电厂', 'DR', '电气倒闸操作票', '一单元', '电气系统', '电气', '污泥干化系统废水滤液泵B开关404M01-7检修转热备用', '废水滤液泵B开关', '404M01-7', '00111', '化学电气', '80005946', '2013-01-05', '80005946', '2013-01-05', '80005932', '2013-01-05');
INSERT INTO `wf_operatecontent` VALUES ('200', 'DR00000001', '2', '', '穿好防护服，戴好防护面罩和手套；', '404M', '北京电厂', 'DR', '电气倒闸操作票', '一单元', '电气系统', '电气', '污泥干化系统废水滤液泵B开关404M01-7检修转热备用', '废水滤液泵B开关', '404M01-7', '00111', '化学电气', '80005946', '2013-01-05', '80005946', '2013-01-05', '80005932', '2013-01-05');
INSERT INTO `wf_operatecontent` VALUES ('201', 'DR00000001', '3', '', '摘除污泥干化系统废水滤液泵B开关404M01-7柜上\"禁止合闸，有人工作\"标示牌；', '404M', '北京电厂', 'DR', '电气倒闸操作票', '一单元', '电气系统', '电气', '污泥干化系统废水滤液泵B开关404M01-7检修转热备用', '废水滤液泵B开关', '404M01-7', '00111', '化学电气', '80005946', '2013-01-05', '80005946', '2013-01-05', '80005932', '2013-01-05');
INSERT INTO `wf_operatecontent` VALUES ('202', 'DR00000001', '4', '', '检查污泥干化系统废水滤液泵B开关404M01-7在检修位置；', '404M', '北京电厂', 'DR', '电气倒闸操作票', '一单元', '电气系统', '电气', '污泥干化系统废水滤液泵B开关404M01-7检修转热备用', '废水滤液泵B开关', '404M01-7', '00111', '化学电气', '80005946', '2013-01-05', '80005946', '2013-01-05', '80005932', '2013-01-05');
INSERT INTO `wf_operatecontent` VALUES ('203', 'DR00000001', '5', '', '验证污泥干化系统废水滤液泵B开关404M01-7负荷侧A相无电；', '404M', '北京电厂', 'DR', '电气倒闸操作票', '一单元', '电气系统', '电气', '污泥干化系统废水滤液泵B开关404M01-7检修转热备用', '废水滤液泵B开关', '404M01-7', '00111', '化学电气', '80005946', '2013-01-05', '80005946', '2013-01-05', '80005932', '2013-01-05');
INSERT INTO `wf_operatecontent` VALUES ('204', 'DR00000001', '6', '', '验证污泥干化系统废水滤液泵B开关404M01-7负荷侧B相无电；', '404M', '北京电厂', 'DR', '电气倒闸操作票', '一单元', '电气系统', '电气', '污泥干化系统废水滤液泵B开关404M01-7检修转热备用', '废水滤液泵B开关', '404M01-7', '00111', '化学电气', '80005946', '2013-01-05', '80005946', '2013-01-05', '80005932', '2013-01-05');
INSERT INTO `wf_operatecontent` VALUES ('205', 'DR00000001', '7', '', '验证污泥干化系统废水滤液泵B开关404M01-7负荷侧C相无电；', '404M', '北京电厂', 'DR', '电气倒闸操作票', '一单元', '电气系统', '电气', '污泥干化系统废水滤液泵B开关404M01-7检修转热备用', '废水滤液泵B开关', '404M01-7', '00111', '化学电气', '80005946', '2013-01-05', '80005946', '2013-01-05', '80005932', '2013-01-05');
INSERT INTO `wf_operatecontent` VALUES ('206', 'DR00000001', '8', '', '测量污泥干化系统废水滤液泵B开关404M01-7负荷侧A相对地间绝缘电阻为      MΩ，合格；', '404M', '北京电厂', 'DR', '电气倒闸操作票', '一单元', '电气系统', '电气', '污泥干化系统废水滤液泵B开关404M01-7检修转热备用', '废水滤液泵B开关', '404M01-7', '00111', '化学电气', '80005946', '2013-01-05', '80005946', '2013-01-05', '80005932', '2013-01-05');
INSERT INTO `wf_operatecontent` VALUES ('207', 'DR00000001', '9', '', '测量污泥干化系统废水滤液泵B开关404M01-7负荷侧B相对地间绝缘电阻为      MΩ，合格；', '404M', '北京电厂', 'DR', '电气倒闸操作票', '一单元', '电气系统', '电气', '污泥干化系统废水滤液泵B开关404M01-7检修转热备用', '废水滤液泵B开关', '404M01-7', '00111', '化学电气', '80005946', '2013-01-05', '80005946', '2013-01-05', '80005932', '2013-01-05');
INSERT INTO `wf_operatecontent` VALUES ('208', 'DR00000001', '10', '', '测量污泥干化系统废水滤液泵B开关404M01-7负荷侧C相对地间绝缘电阻为      MΩ，合格；', '404M', '北京电厂', 'DR', '电气倒闸操作票', '一单元', '电气系统', '电气', '污泥干化系统废水滤液泵B开关404M01-7检修转热备用', '废水滤液泵B开关', '404M01-7', '00111', '化学电气', '80005946', '2013-01-05', '80005946', '2013-01-05', '80005932', '2013-01-05');
INSERT INTO `wf_operatecontent` VALUES ('209', 'DR00000001', '11', '', '测量污泥干化系统废水滤液泵B开关404M01-7负荷侧A、B相间电阻为   MΩ，合格；', '404M', '北京电厂', 'DR', '电气倒闸操作票', '一单元', '电气系统', '电气', '污泥干化系统废水滤液泵B开关404M01-7检修转热备用', '废水滤液泵B开关', '404M01-7', '00111', '化学电气', '80005946', '2013-01-05', '80005946', '2013-01-05', '80005932', '2013-01-05');
INSERT INTO `wf_operatecontent` VALUES ('210', 'DR00000001', '12', '', '测量污泥干化系统废水滤液泵B开关404M01-7负荷侧B、C相间电阻为   MΩ，合格；', '404M', '北京电厂', 'DR', '电气倒闸操作票', '一单元', '电气系统', '电气', '污泥干化系统废水滤液泵B开关404M01-7检修转热备用', '废水滤液泵B开关', '404M01-7', '00111', '化学电气', '80005946', '2013-01-05', '80005946', '2013-01-05', '80005932', '2013-01-05');
INSERT INTO `wf_operatecontent` VALUES ('211', 'DR00000001', '13', '', '测量污泥干化系统废水滤液泵B开关404M01-7负荷侧C、A相间电阻为   MΩ，合格；', '404M', '北京电厂', 'DR', '电气倒闸操作票', '一单元', '电气系统', '电气', '污泥干化系统废水滤液泵B开关404M01-7检修转热备用', '废水滤液泵B开关', '404M01-7', '00111', '化学电气', '80005946', '2013-01-05', '80005946', '2013-01-05', '80005932', '2013-01-05');
INSERT INTO `wf_operatecontent` VALUES ('212', 'DR00000001', '14', '', '检查污泥干化系统废水滤液泵B开关404M01-7在断开状态； 检查污泥干化系统废水滤液泵B开关404M01-7二次插头完好；', '404M', '北京电厂', 'DR', '电气倒闸操作票', '一单元', '电气系统', '电气', '污泥干化系统废水滤液泵B开关404M01-7检修转热备用', '废水滤液泵B开关', '404M01-7', '00111', '化学电气', '80005946', '2013-01-05', '80005946', '2013-01-05', '80005932', '2013-01-05');
INSERT INTO `wf_operatecontent` VALUES ('213', 'DR00000001', '15', '', '检查污泥干化系统废水滤液泵B开关404M01-7控制电源开关404M01-7在断；', '404M', '北京电厂', 'DR', '电气倒闸操作票', '一单元', '电气系统', '电气', '污泥干化系统废水滤液泵B开关404M01-7检修转热备用', '废水滤液泵B开关', '404M01-7', '00111', '化学电气', '80005946', '2013-01-05', '80005946', '2013-01-05', '80005932', '2013-01-05');
INSERT INTO `wf_operatecontent` VALUES ('214', 'DR00000001', '16', '', '将污泥干化系统废水滤液泵B开关404M01-7推至试验位置；', '404M', '北京电厂', 'DR', '电气倒闸操作票', '一单元', '电气系统', '电气', '污泥干化系统废水滤液泵B开关404M01-7检修转热备用', '废水滤液泵B开关', '404M01-7', '00111', '化学电气', '80005946', '2013-01-05', '80005946', '2013-01-05', '80005932', '2013-01-05');
INSERT INTO `wf_operatecontent` VALUES ('215', 'DR00000001', '17', '', '将污泥干化系统废水滤液泵B开关404M01-7推至工作位置；', '404M', '北京电厂', 'DR', '电气倒闸操作票', '一单元', '电气系统', '电气', '污泥干化系统废水滤液泵B开关404M01-7检修转热备用', '废水滤液泵B开关', '404M01-7', '00111', '化学电气', '80005946', '2013-01-05', '80005946', '2013-01-05', '80005932', '2013-01-05');
INSERT INTO `wf_operatecontent` VALUES ('216', 'DR00000001', '18', '', '合上污泥干化系统废水滤液泵B开关404M01-7；', '404M', '北京电厂', 'DR', '电气倒闸操作票', '一单元', '电气系统', '电气', '污泥干化系统废水滤液泵B开关404M01-7检修转热备用', '废水滤液泵B开关', '404M01-7', '00111', '化学电气', '80005946', '2013-01-05', '80005946', '2013-01-05', '80005932', '2013-01-05');
INSERT INTO `wf_operatecontent` VALUES ('217', 'DR00000001', '19', '', '检查污泥干化系统废水滤液泵B开关404M01-7确已合好;', '404M', '北京电厂', 'DR', '电气倒闸操作票', '一单元', '电气系统', '电气', '污泥干化系统废水滤液泵B开关404M01-7检修转热备用', '废水滤液泵B开关', '404M01-7', '00111', '化学电气', '80005946', '2013-01-05', '80005946', '2013-01-05', '80005932', '2013-01-05');
INSERT INTO `wf_operatecontent` VALUES ('218', 'DR00000001', '20', '', '合上污泥干化系统废水滤液泵B开关404M01-7控制电源；', '404M', '北京电厂', 'DR', '电气倒闸操作票', '一单元', '电气系统', '电气', '污泥干化系统废水滤液泵B开关404M01-7检修转热备用', '废水滤液泵B开关', '404M01-7', '00111', '化学电气', '80005946', '2013-01-05', '80005946', '2013-01-05', '80005932', '2013-01-05');
INSERT INTO `wf_operatecontent` VALUES ('219', 'DR00000001', '21', '', '将污泥干化系统废水滤液泵B开关404M01-7 选择方式搬把打至\"远方\"。', '404M', '北京电厂', 'DR', '电气倒闸操作票', '一单元', '电气系统', '电气', '污泥干化系统废水滤液泵B开关404M01-7检修转热备用', '废水滤液泵B开关', '404M01-7', '00111', '化学电气', '80005946', '2013-01-05', '80005946', '2013-01-05', '80005932', '2013-01-05');
INSERT INTO `wf_operatecontent` VALUES ('220', 'DR00000002', '1', '', '检查相应的检修工作已结束，工作票已收回；', '404L', '北京电厂', 'DR', '电气倒闸操作票', '一单元', '电气系统', '电气', '污泥干化系统污泥循环泵A开关404L01-3检修转热备用', '污泥循环泵A开关', '404L01-3', '00111', '化学电气', '80005946', '2013-01-05', '80005946', '2013-01-05', '80005932', '2013-01-05');
INSERT INTO `wf_operatecontent` VALUES ('221', 'DR00000002', '2', '', '穿好防护服，戴好防护面罩和手套；', '404L', '北京电厂', 'DR', '电气倒闸操作票', '一单元', '电气系统', '电气', '污泥干化系统污泥循环泵A开关404L01-3检修转热备用', '污泥循环泵A开关', '404L01-3', '00111', '化学电气', '80005946', '2013-01-05', '80005946', '2013-01-05', '80005932', '2013-01-05');
INSERT INTO `wf_operatecontent` VALUES ('222', 'DR00000002', '3', '', '摘除污泥干化系统污泥循环泵A开关404L01-3柜上\"禁止合闸，有人工作\"标示牌；', '404L', '北京电厂', 'DR', '电气倒闸操作票', '一单元', '电气系统', '电气', '污泥干化系统污泥循环泵A开关404L01-3检修转热备用', '污泥循环泵A开关', '404L01-3', '00111', '化学电气', '80005946', '2013-01-05', '80005946', '2013-01-05', '80005932', '2013-01-05');
INSERT INTO `wf_operatecontent` VALUES ('223', 'DR00000002', '4', '', '检查污泥干化系统污泥循环泵A开关404L01-3在检修位置；', '404L', '北京电厂', 'DR', '电气倒闸操作票', '一单元', '电气系统', '电气', '污泥干化系统污泥循环泵A开关404L01-3检修转热备用', '污泥循环泵A开关', '404L01-3', '00111', '化学电气', '80005946', '2013-01-05', '80005946', '2013-01-05', '80005932', '2013-01-05');
INSERT INTO `wf_operatecontent` VALUES ('224', 'DR00000002', '5', '', '验证污泥干化系统污泥循环泵A开关404L01-3负荷侧A相无电；', '404L', '北京电厂', 'DR', '电气倒闸操作票', '一单元', '电气系统', '电气', '污泥干化系统污泥循环泵A开关404L01-3检修转热备用', '污泥循环泵A开关', '404L01-3', '00111', '化学电气', '80005946', '2013-01-05', '80005946', '2013-01-05', '80005932', '2013-01-05');
INSERT INTO `wf_operatecontent` VALUES ('225', 'DR00000002', '6', '', '验证污泥干化系统污泥循环泵A开关404L01-3负荷侧B相无电；', '404L', '北京电厂', 'DR', '电气倒闸操作票', '一单元', '电气系统', '电气', '污泥干化系统污泥循环泵A开关404L01-3检修转热备用', '污泥循环泵A开关', '404L01-3', '00111', '化学电气', '80005946', '2013-01-05', '80005946', '2013-01-05', '80005932', '2013-01-05');
INSERT INTO `wf_operatecontent` VALUES ('226', 'DR00000002', '7', '', '验证污泥干化系统污泥循环泵A开关404L01-3负荷侧C相无电；', '404L', '北京电厂', 'DR', '电气倒闸操作票', '一单元', '电气系统', '电气', '污泥干化系统污泥循环泵A开关404L01-3检修转热备用', '污泥循环泵A开关', '404L01-3', '00111', '化学电气', '80005946', '2013-01-05', '80005946', '2013-01-05', '80005932', '2013-01-05');
INSERT INTO `wf_operatecontent` VALUES ('227', 'DR00000002', '8', '', '测量污泥干化系统污泥循环泵A开关404L01-3负荷侧A相对地间绝缘电阻为      MΩ，合格；', '404L', '北京电厂', 'DR', '电气倒闸操作票', '一单元', '电气系统', '电气', '污泥干化系统污泥循环泵A开关404L01-3检修转热备用', '污泥循环泵A开关', '404L01-3', '00111', '化学电气', '80005946', '2013-01-05', '80005946', '2013-01-05', '80005932', '2013-01-05');
INSERT INTO `wf_operatecontent` VALUES ('228', 'DR00000002', '9', '', '测量污泥干化系统污泥循环泵A开关404L01-3负荷侧B相对地间绝缘电阻为      MΩ，合格；', '404L', '北京电厂', 'DR', '电气倒闸操作票', '一单元', '电气系统', '电气', '污泥干化系统污泥循环泵A开关404L01-3检修转热备用', '污泥循环泵A开关', '404L01-3', '00111', '化学电气', '80005946', '2013-01-05', '80005946', '2013-01-05', '80005932', '2013-01-05');
INSERT INTO `wf_operatecontent` VALUES ('229', 'DR00000002', '10', '', '测量污泥干化系统污泥循环泵A开关404L01-3负荷侧C相对地间绝缘电阻为      MΩ，合格；', '404L', '北京电厂', 'DR', '电气倒闸操作票', '一单元', '电气系统', '电气', '污泥干化系统污泥循环泵A开关404L01-3检修转热备用', '污泥循环泵A开关', '404L01-3', '00111', '化学电气', '80005946', '2013-01-05', '80005946', '2013-01-05', '80005932', '2013-01-05');
INSERT INTO `wf_operatecontent` VALUES ('230', 'DR00000002', '11', '', '测量污泥干化系统污泥循环泵A开关404L01-3负荷侧A、B相间电阻为   MΩ，合格；', '404L', '北京电厂', 'DR', '电气倒闸操作票', '一单元', '电气系统', '电气', '污泥干化系统污泥循环泵A开关404L01-3检修转热备用', '污泥循环泵A开关', '404L01-3', '00111', '化学电气', '80005946', '2013-01-05', '80005946', '2013-01-05', '80005932', '2013-01-05');
INSERT INTO `wf_operatecontent` VALUES ('231', 'DR00000002', '12', '', '测量污泥干化系统污泥循环泵A开关404L01-3负荷侧B、C相间电阻为   MΩ，合格；', '404L', '北京电厂', 'DR', '电气倒闸操作票', '一单元', '电气系统', '电气', '污泥干化系统污泥循环泵A开关404L01-3检修转热备用', '污泥循环泵A开关', '404L01-3', '00111', '化学电气', '80005946', '2013-01-05', '80005946', '2013-01-05', '80005932', '2013-01-05');
INSERT INTO `wf_operatecontent` VALUES ('232', 'DR00000002', '13', '', '测量污泥干化系统污泥循环泵A开关404L01-3负荷侧C、A相间电阻为   MΩ，合格；', '404L', '北京电厂', 'DR', '电气倒闸操作票', '一单元', '电气系统', '电气', '污泥干化系统污泥循环泵A开关404L01-3检修转热备用', '污泥循环泵A开关', '404L01-3', '00111', '化学电气', '80005946', '2013-01-05', '80005946', '2013-01-05', '80005932', '2013-01-05');
INSERT INTO `wf_operatecontent` VALUES ('233', 'DR00000002', '14', '', '检查污泥干化系统污泥循环泵A开关404L01-3在断开状态； 检查污泥干化系统污泥循环泵A开关404L01-3二次插头完好；', '404L', '北京电厂', 'DR', '电气倒闸操作票', '一单元', '电气系统', '电气', '污泥干化系统污泥循环泵A开关404L01-3检修转热备用', '污泥循环泵A开关', '404L01-3', '00111', '化学电气', '80005946', '2013-01-05', '80005946', '2013-01-05', '80005932', '2013-01-05');
INSERT INTO `wf_operatecontent` VALUES ('234', 'DR00000002', '15', '', '检查污泥干化系统污泥循环泵A开关404L01-3控制电源开关404L01-3在断；', '404L', '北京电厂', 'DR', '电气倒闸操作票', '一单元', '电气系统', '电气', '污泥干化系统污泥循环泵A开关404L01-3检修转热备用', '污泥循环泵A开关', '404L01-3', '00111', '化学电气', '80005946', '2013-01-05', '80005946', '2013-01-05', '80005932', '2013-01-05');
INSERT INTO `wf_operatecontent` VALUES ('235', 'DR00000002', '16', '', '将污泥干化系统污泥循环泵A开关404L01-3推至试验位置；', '404L', '北京电厂', 'DR', '电气倒闸操作票', '一单元', '电气系统', '电气', '污泥干化系统污泥循环泵A开关404L01-3检修转热备用', '污泥循环泵A开关', '404L01-3', '00111', '化学电气', '80005946', '2013-01-05', '80005946', '2013-01-05', '80005932', '2013-01-05');
INSERT INTO `wf_operatecontent` VALUES ('236', 'DR00000002', '17', '', '将污泥干化系统污泥循环泵A开关404L01-3推至工作位置；', '404L', '北京电厂', 'DR', '电气倒闸操作票', '一单元', '电气系统', '电气', '污泥干化系统污泥循环泵A开关404L01-3检修转热备用', '污泥循环泵A开关', '404L01-3', '00111', '化学电气', '80005946', '2013-01-05', '80005946', '2013-01-05', '80005932', '2013-01-05');
INSERT INTO `wf_operatecontent` VALUES ('237', 'DR00000002', '18', '', '合上污泥干化系统污泥循环泵A开关404L01-3；', '404L', '北京电厂', 'DR', '电气倒闸操作票', '一单元', '电气系统', '电气', '污泥干化系统污泥循环泵A开关404L01-3检修转热备用', '污泥循环泵A开关', '404L01-3', '00111', '化学电气', '80005946', '2013-01-05', '80005946', '2013-01-05', '80005932', '2013-01-05');
INSERT INTO `wf_operatecontent` VALUES ('238', 'DR00000002', '19', '', '检查污泥干化系统污泥循环泵A开关404L01-3确已合好;', '404L', '北京电厂', 'DR', '电气倒闸操作票', '一单元', '电气系统', '电气', '污泥干化系统污泥循环泵A开关404L01-3检修转热备用', '污泥循环泵A开关', '404L01-3', '00111', '化学电气', '80005946', '2013-01-05', '80005946', '2013-01-05', '80005932', '2013-01-05');
INSERT INTO `wf_operatecontent` VALUES ('239', 'DR00000002', '20', '', '合上污泥干化系统污泥循环泵A开关404L01-3控制电源；', '404L', '北京电厂', 'DR', '电气倒闸操作票', '一单元', '电气系统', '电气', '污泥干化系统污泥循环泵A开关404L01-3检修转热备用', '污泥循环泵A开关', '404L01-3', '00111', '化学电气', '80005946', '2013-01-05', '80005946', '2013-01-05', '80005932', '2013-01-05');
INSERT INTO `wf_operatecontent` VALUES ('240', 'DR00000002', '21', '', '将污泥干化系统污泥循环泵A开关404L01-3 选择方式搬把打至\"远方\"。', '404L', '北京电厂', 'DR', '电气倒闸操作票', '一单元', '电气系统', '电气', '污泥干化系统污泥循环泵A开关404L01-3检修转热备用', '污泥循环泵A开关', '404L01-3', '00111', '化学电气', '80005946', '2013-01-05', '80005946', '2013-01-05', '80005932', '2013-01-05');
INSERT INTO `wf_operatecontent` VALUES ('241', 'DR00000003', '1', '', '检查相应的检修工作已结束，工作票已收回；', '404L', '北京电厂', 'DR', '电气倒闸操作票', '一单元', '电气系统', '电气', '污泥干化系统废水滤液泵A开关404L01-4检修转热备用', '废水滤液泵A开关', '404L01-4', '00111', '化学电气', '80005946', '2013-01-05', '80005946', '2013-01-05', '80005932', '2013-01-05');
INSERT INTO `wf_operatecontent` VALUES ('242', 'DR00000003', '2', '', '穿好防护服，戴好防护面罩和手套；', '404L', '北京电厂', 'DR', '电气倒闸操作票', '一单元', '电气系统', '电气', '污泥干化系统废水滤液泵A开关404L01-4检修转热备用', '废水滤液泵A开关', '404L01-4', '00111', '化学电气', '80005946', '2013-01-05', '80005946', '2013-01-05', '80005932', '2013-01-05');
INSERT INTO `wf_operatecontent` VALUES ('243', 'DR00000003', '3', '', '摘除污泥干化系统废水滤液泵A开关404L01-4柜上\"禁止合闸，有人工作\"标示牌；', '404L', '北京电厂', 'DR', '电气倒闸操作票', '一单元', '电气系统', '电气', '污泥干化系统废水滤液泵A开关404L01-4检修转热备用', '废水滤液泵A开关', '404L01-4', '00111', '化学电气', '80005946', '2013-01-05', '80005946', '2013-01-05', '80005932', '2013-01-05');
INSERT INTO `wf_operatecontent` VALUES ('244', 'DR00000003', '4', '', '检查污泥干化系统废水滤液泵A开关404L01-4在检修位置；', '404L', '北京电厂', 'DR', '电气倒闸操作票', '一单元', '电气系统', '电气', '污泥干化系统废水滤液泵A开关404L01-4检修转热备用', '废水滤液泵A开关', '404L01-4', '00111', '化学电气', '80005946', '2013-01-05', '80005946', '2013-01-05', '80005932', '2013-01-05');
INSERT INTO `wf_operatecontent` VALUES ('245', 'DR00000003', '5', '', '验证污泥干化系统废水滤液泵A开关404L01-4负荷侧A相无电；', '404L', '北京电厂', 'DR', '电气倒闸操作票', '一单元', '电气系统', '电气', '污泥干化系统废水滤液泵A开关404L01-4检修转热备用', '废水滤液泵A开关', '404L01-4', '00111', '化学电气', '80005946', '2013-01-05', '80005946', '2013-01-05', '80005932', '2013-01-05');
INSERT INTO `wf_operatecontent` VALUES ('246', 'DR00000003', '6', '', '验证污泥干化系统废水滤液泵A开关404L01-4负荷侧B相无电；', '404L', '北京电厂', 'DR', '电气倒闸操作票', '一单元', '电气系统', '电气', '污泥干化系统废水滤液泵A开关404L01-4检修转热备用', '废水滤液泵A开关', '404L01-4', '00111', '化学电气', '80005946', '2013-01-05', '80005946', '2013-01-05', '80005932', '2013-01-05');
INSERT INTO `wf_operatecontent` VALUES ('247', 'DR00000003', '7', '', '验证污泥干化系统废水滤液泵A开关404L01-4负荷侧C相无电；', '404L', '北京电厂', 'DR', '电气倒闸操作票', '一单元', '电气系统', '电气', '污泥干化系统废水滤液泵A开关404L01-4检修转热备用', '废水滤液泵A开关', '404L01-4', '00111', '化学电气', '80005946', '2013-01-05', '80005946', '2013-01-05', '80005932', '2013-01-05');
INSERT INTO `wf_operatecontent` VALUES ('248', 'DR00000003', '8', '', '测量污泥干化系统废水滤液泵A开关404L01-4负荷侧A相对地间绝缘电阻为      MΩ，合格；', '404L', '北京电厂', 'DR', '电气倒闸操作票', '一单元', '电气系统', '电气', '污泥干化系统废水滤液泵A开关404L01-4检修转热备用', '废水滤液泵A开关', '404L01-4', '00111', '化学电气', '80005946', '2013-01-05', '80005946', '2013-01-05', '80005932', '2013-01-05');
INSERT INTO `wf_operatecontent` VALUES ('249', 'DR00000003', '9', '', '测量污泥干化系统废水滤液泵A开关404L01-4负荷侧B相对地间绝缘电阻为      MΩ，合格；', '404L', '北京电厂', 'DR', '电气倒闸操作票', '一单元', '电气系统', '电气', '污泥干化系统废水滤液泵A开关404L01-4检修转热备用', '废水滤液泵A开关', '404L01-4', '00111', '化学电气', '80005946', '2013-01-05', '80005946', '2013-01-05', '80005932', '2013-01-05');
INSERT INTO `wf_operatecontent` VALUES ('250', 'DR00000003', '10', '', '测量污泥干化系统废水滤液泵A开关404L01-4负荷侧C相对地间绝缘电阻为      MΩ，合格；', '404L', '北京电厂', 'DR', '电气倒闸操作票', '一单元', '电气系统', '电气', '污泥干化系统废水滤液泵A开关404L01-4检修转热备用', '废水滤液泵A开关', '404L01-4', '00111', '化学电气', '80005946', '2013-01-05', '80005946', '2013-01-05', '80005932', '2013-01-05');
INSERT INTO `wf_operatecontent` VALUES ('251', 'DR00000003', '11', '', '测量污泥干化系统废水滤液泵A开关404L01-4负荷侧A、B相间电阻为   MΩ，合格；', '404L', '北京电厂', 'DR', '电气倒闸操作票', '一单元', '电气系统', '电气', '污泥干化系统废水滤液泵A开关404L01-4检修转热备用', '废水滤液泵A开关', '404L01-4', '00111', '化学电气', '80005946', '2013-01-05', '80005946', '2013-01-05', '80005932', '2013-01-05');
INSERT INTO `wf_operatecontent` VALUES ('252', 'DR00000003', '12', '', '测量污泥干化系统废水滤液泵A开关404L01-4负荷侧B、C相间电阻为   MΩ，合格；', '404L', '北京电厂', 'DR', '电气倒闸操作票', '一单元', '电气系统', '电气', '污泥干化系统废水滤液泵A开关404L01-4检修转热备用', '废水滤液泵A开关', '404L01-4', '00111', '化学电气', '80005946', '2013-01-05', '80005946', '2013-01-05', '80005932', '2013-01-05');
INSERT INTO `wf_operatecontent` VALUES ('253', 'DR00000003', '13', '', '测量污泥干化系统废水滤液泵A开关404L01-4负荷侧C、A相间电阻为   MΩ，合格；', '404L', '北京电厂', 'DR', '电气倒闸操作票', '一单元', '电气系统', '电气', '污泥干化系统废水滤液泵A开关404L01-4检修转热备用', '废水滤液泵A开关', '404L01-4', '00111', '化学电气', '80005946', '2013-01-05', '80005946', '2013-01-05', '80005932', '2013-01-05');
INSERT INTO `wf_operatecontent` VALUES ('254', 'DR00000003', '14', '', '检查污泥干化系统废水滤液泵A开关404L01-4在断开状态； 检查污泥干化系统废水滤液泵A开关404L01-4二次插头完好；', '404L', '北京电厂', 'DR', '电气倒闸操作票', '一单元', '电气系统', '电气', '污泥干化系统废水滤液泵A开关404L01-4检修转热备用', '废水滤液泵A开关', '404L01-4', '00111', '化学电气', '80005946', '2013-01-05', '80005946', '2013-01-05', '80005932', '2013-01-05');
INSERT INTO `wf_operatecontent` VALUES ('255', 'DR00000003', '15', '', '检查污泥干化系统废水滤液泵A开关404L01-4控制电源开关404L01-4在断；', '404L', '北京电厂', 'DR', '电气倒闸操作票', '一单元', '电气系统', '电气', '污泥干化系统废水滤液泵A开关404L01-4检修转热备用', '废水滤液泵A开关', '404L01-4', '00111', '化学电气', '80005946', '2013-01-05', '80005946', '2013-01-05', '80005932', '2013-01-05');
INSERT INTO `wf_operatecontent` VALUES ('256', 'DR00000003', '16', '', '将污泥干化系统废水滤液泵A开关404L01-4推至试验位置；', '404L', '北京电厂', 'DR', '电气倒闸操作票', '一单元', '电气系统', '电气', '污泥干化系统废水滤液泵A开关404L01-4检修转热备用', '废水滤液泵A开关', '404L01-4', '00111', '化学电气', '80005946', '2013-01-05', '80005946', '2013-01-05', '80005932', '2013-01-05');
INSERT INTO `wf_operatecontent` VALUES ('257', 'DR00000003', '17', '', '将污泥干化系统废水滤液泵A开关404L01-4推至工作位置；', '404L', '北京电厂', 'DR', '电气倒闸操作票', '一单元', '电气系统', '电气', '污泥干化系统废水滤液泵A开关404L01-4检修转热备用', '废水滤液泵A开关', '404L01-4', '00111', '化学电气', '80005946', '2013-01-05', '80005946', '2013-01-05', '80005932', '2013-01-05');
INSERT INTO `wf_operatecontent` VALUES ('258', 'DR00000003', '18', '', '合上污泥干化系统废水滤液泵A开关404L01-4；', '404L', '北京电厂', 'DR', '电气倒闸操作票', '一单元', '电气系统', '电气', '污泥干化系统废水滤液泵A开关404L01-4检修转热备用', '废水滤液泵A开关', '404L01-4', '00111', '化学电气', '80005946', '2013-01-05', '80005946', '2013-01-05', '80005932', '2013-01-05');
INSERT INTO `wf_operatecontent` VALUES ('259', 'DR00000003', '19', '', '检查污泥干化系统废水滤液泵A开关404L01-4确已合好;', '404L', '北京电厂', 'DR', '电气倒闸操作票', '一单元', '电气系统', '电气', '污泥干化系统废水滤液泵A开关404L01-4检修转热备用', '废水滤液泵A开关', '404L01-4', '00111', '化学电气', '80005946', '2013-01-05', '80005946', '2013-01-05', '80005932', '2013-01-05');
INSERT INTO `wf_operatecontent` VALUES ('260', 'DR00000003', '20', '', '合上污泥干化系统废水滤液泵A开关404L01-4控制电源；', '404L', '北京电厂', 'DR', '电气倒闸操作票', '一单元', '电气系统', '电气', '污泥干化系统废水滤液泵A开关404L01-4检修转热备用', '废水滤液泵A开关', '404L01-4', '00111', '化学电气', '80005946', '2013-01-05', '80005946', '2013-01-05', '80005932', '2013-01-05');
INSERT INTO `wf_operatecontent` VALUES ('261', 'DR00000003', '21', '', '将污泥干化系统废水滤液泵A开关404L01-4 选择方式搬把打至\"远方\"。', '404L', '北京电厂', 'DR', '电气倒闸操作票', '一单元', '电气系统', '电气', '污泥干化系统废水滤液泵A开关404L01-4检修转热备用', '废水滤液泵A开关', '404L01-4', '00111', '化学电气', '80005946', '2013-01-05', '80005946', '2013-01-05', '80005932', '2013-01-05');
INSERT INTO `wf_operatecontent` VALUES ('262', 'DR00000004', '1', '', '检查相应的检修工作已结束，工作票已收回；', '404M', '北京电厂', 'DR', '电气倒闸操作票', '一单元', '电气系统', '电气', '污泥干化系统低压进料泵开关404M01-2检修转热备用', '低压进料泵开关', '404M01-2', '00111', '化学电气', '80005946', '2013-01-05', '80005946', '2013-01-05', '80005932', '2013-01-05');
INSERT INTO `wf_operatecontent` VALUES ('263', 'DR00000004', '2', '', '穿好防护服，戴好防护面罩和手套；', '404M', '北京电厂', 'DR', '电气倒闸操作票', '一单元', '电气系统', '电气', '污泥干化系统低压进料泵开关404M01-2检修转热备用', '低压进料泵开关', '404M01-2', '00111', '化学电气', '80005946', '2013-01-05', '80005946', '2013-01-05', '80005932', '2013-01-05');
INSERT INTO `wf_operatecontent` VALUES ('264', 'DR00000004', '3', '', '摘除污泥干化系统低压进料泵开关404M01-2柜上\"禁止合闸，有人工作\"标示牌；', '404M', '北京电厂', 'DR', '电气倒闸操作票', '一单元', '电气系统', '电气', '污泥干化系统低压进料泵开关404M01-2检修转热备用', '低压进料泵开关', '404M01-2', '00111', '化学电气', '80005946', '2013-01-05', '80005946', '2013-01-05', '80005932', '2013-01-05');
INSERT INTO `wf_operatecontent` VALUES ('265', 'DR00000004', '4', '', '检查污泥干化系统低压进料泵开关404M01-2在检修位置；', '404M', '北京电厂', 'DR', '电气倒闸操作票', '一单元', '电气系统', '电气', '污泥干化系统低压进料泵开关404M01-2检修转热备用', '低压进料泵开关', '404M01-2', '00111', '化学电气', '80005946', '2013-01-05', '80005946', '2013-01-05', '80005932', '2013-01-05');
INSERT INTO `wf_operatecontent` VALUES ('266', 'DR00000004', '5', '', '验证污泥干化系统低压进料泵开关404M01-2负荷侧A相无电；', '404M', '北京电厂', 'DR', '电气倒闸操作票', '一单元', '电气系统', '电气', '污泥干化系统低压进料泵开关404M01-2检修转热备用', '低压进料泵开关', '404M01-2', '00111', '化学电气', '80005946', '2013-01-05', '80005946', '2013-01-05', '80005932', '2013-01-05');
INSERT INTO `wf_operatecontent` VALUES ('267', 'DR00000004', '6', '', '验证污泥干化系统低压进料泵开关404M01-2负荷侧B相无电；', '404M', '北京电厂', 'DR', '电气倒闸操作票', '一单元', '电气系统', '电气', '污泥干化系统低压进料泵开关404M01-2检修转热备用', '低压进料泵开关', '404M01-2', '00111', '化学电气', '80005946', '2013-01-05', '80005946', '2013-01-05', '80005932', '2013-01-05');
INSERT INTO `wf_operatecontent` VALUES ('268', 'DR00000004', '7', '', '验证污泥干化系统低压进料泵开关404M01-2负荷侧C相无电；', '404M', '北京电厂', 'DR', '电气倒闸操作票', '一单元', '电气系统', '电气', '污泥干化系统低压进料泵开关404M01-2检修转热备用', '低压进料泵开关', '404M01-2', '00111', '化学电气', '80005946', '2013-01-05', '80005946', '2013-01-05', '80005932', '2013-01-05');
INSERT INTO `wf_operatecontent` VALUES ('269', 'DR00000004', '8', '', '测量污泥干化系统低压进料泵开关404M01-2负荷侧A相对地间绝缘电阻为      MΩ，合格；', '404M', '北京电厂', 'DR', '电气倒闸操作票', '一单元', '电气系统', '电气', '污泥干化系统低压进料泵开关404M01-2检修转热备用', '低压进料泵开关', '404M01-2', '00111', '化学电气', '80005946', '2013-01-05', '80005946', '2013-01-05', '80005932', '2013-01-05');
INSERT INTO `wf_operatecontent` VALUES ('270', 'DR00000004', '9', '', '测量污泥干化系统低压进料泵开关404M01-2负荷侧B相对地间绝缘电阻为      MΩ，合格；', '404M', '北京电厂', 'DR', '电气倒闸操作票', '一单元', '电气系统', '电气', '污泥干化系统低压进料泵开关404M01-2检修转热备用', '低压进料泵开关', '404M01-2', '00111', '化学电气', '80005946', '2013-01-05', '80005946', '2013-01-05', '80005932', '2013-01-05');
INSERT INTO `wf_operatecontent` VALUES ('271', 'DR00000004', '10', '', '测量污泥干化系统低压进料泵开关404M01-2负荷侧C相对地间绝缘电阻为      MΩ，合格；', '404M', '北京电厂', 'DR', '电气倒闸操作票', '一单元', '电气系统', '电气', '污泥干化系统低压进料泵开关404M01-2检修转热备用', '低压进料泵开关', '404M01-2', '00111', '化学电气', '80005946', '2013-01-05', '80005946', '2013-01-05', '80005932', '2013-01-05');
INSERT INTO `wf_operatecontent` VALUES ('272', 'DR00000004', '11', '', '测量污泥干化系统低压进料泵开关404M01-2负荷侧A、B相间电阻为   MΩ，合格；', '404M', '北京电厂', 'DR', '电气倒闸操作票', '一单元', '电气系统', '电气', '污泥干化系统低压进料泵开关404M01-2检修转热备用', '低压进料泵开关', '404M01-2', '00111', '化学电气', '80005946', '2013-01-05', '80005946', '2013-01-05', '80005932', '2013-01-05');
INSERT INTO `wf_operatecontent` VALUES ('273', 'DR00000004', '12', '', '测量污泥干化系统低压进料泵开关404M01-2负荷侧B、C相间电阻为   MΩ，合格；', '404M', '北京电厂', 'DR', '电气倒闸操作票', '一单元', '电气系统', '电气', '污泥干化系统低压进料泵开关404M01-2检修转热备用', '低压进料泵开关', '404M01-2', '00111', '化学电气', '80005946', '2013-01-05', '80005946', '2013-01-05', '80005932', '2013-01-05');
INSERT INTO `wf_operatecontent` VALUES ('274', 'DR00000004', '13', '', '测量污泥干化系统低压进料泵开关404M01-2负荷侧C、A相间电阻为   MΩ，合格；', '404M', '北京电厂', 'DR', '电气倒闸操作票', '一单元', '电气系统', '电气', '污泥干化系统低压进料泵开关404M01-2检修转热备用', '低压进料泵开关', '404M01-2', '00111', '化学电气', '80005946', '2013-01-05', '80005946', '2013-01-05', '80005932', '2013-01-05');
INSERT INTO `wf_operatecontent` VALUES ('275', 'DR00000004', '14', '', '检查污泥干化系统低压进料泵开关404M01-2在断开状态； 检查污泥干化系统低压进料泵开关404M01-2二次插头完好；', '404M', '北京电厂', 'DR', '电气倒闸操作票', '一单元', '电气系统', '电气', '污泥干化系统低压进料泵开关404M01-2检修转热备用', '低压进料泵开关', '404M01-2', '00111', '化学电气', '80005946', '2013-01-05', '80005946', '2013-01-05', '80005932', '2013-01-05');
INSERT INTO `wf_operatecontent` VALUES ('276', 'DR00000004', '15', '', '检查污泥干化系统低压进料泵开关404M01-2控制电源开关404M01-2在断；', '404M', '北京电厂', 'DR', '电气倒闸操作票', '一单元', '电气系统', '电气', '污泥干化系统低压进料泵开关404M01-2检修转热备用', '低压进料泵开关', '404M01-2', '00111', '化学电气', '80005946', '2013-01-05', '80005946', '2013-01-05', '80005932', '2013-01-05');
INSERT INTO `wf_operatecontent` VALUES ('277', 'DR00000004', '16', '', '将污泥干化系统低压进料泵开关404M01-2推至试验位置；', '404M', '北京电厂', 'DR', '电气倒闸操作票', '一单元', '电气系统', '电气', '污泥干化系统低压进料泵开关404M01-2检修转热备用', '低压进料泵开关', '404M01-2', '00111', '化学电气', '80005946', '2013-01-05', '80005946', '2013-01-05', '80005932', '2013-01-05');
INSERT INTO `wf_operatecontent` VALUES ('278', 'DR00000004', '17', '', '将污泥干化系统低压进料泵开关404M01-2推至工作位置；', '404M', '北京电厂', 'DR', '电气倒闸操作票', '一单元', '电气系统', '电气', '污泥干化系统低压进料泵开关404M01-2检修转热备用', '低压进料泵开关', '404M01-2', '00111', '化学电气', '80005946', '2013-01-05', '80005946', '2013-01-05', '80005932', '2013-01-05');
INSERT INTO `wf_operatecontent` VALUES ('279', 'DR00000004', '18', '', '合上污泥干化系统低压进料泵开关404M01-2；', '404M', '北京电厂', 'DR', '电气倒闸操作票', '一单元', '电气系统', '电气', '污泥干化系统低压进料泵开关404M01-2检修转热备用', '低压进料泵开关', '404M01-2', '00111', '化学电气', '80005946', '2013-01-05', '80005946', '2013-01-05', '80005932', '2013-01-05');
INSERT INTO `wf_operatecontent` VALUES ('280', 'DR00000004', '19', '', '检查污泥干化系统低压进料泵开关404M01-2确已合好;', '404M', '北京电厂', 'DR', '电气倒闸操作票', '一单元', '电气系统', '电气', '污泥干化系统低压进料泵开关404M01-2检修转热备用', '低压进料泵开关', '404M01-2', '00111', '化学电气', '80005946', '2013-01-05', '80005946', '2013-01-05', '80005932', '2013-01-05');
INSERT INTO `wf_operatecontent` VALUES ('281', 'DR00000004', '20', '', '合上污泥干化系统低压进料泵开关404M01-2控制电源；', '404M', '北京电厂', 'DR', '电气倒闸操作票', '一单元', '电气系统', '电气', '污泥干化系统低压进料泵开关404M01-2检修转热备用', '低压进料泵开关', '404M01-2', '00111', '化学电气', '80005946', '2013-01-05', '80005946', '2013-01-05', '80005932', '2013-01-05');
INSERT INTO `wf_operatecontent` VALUES ('282', 'DR00000004', '21', '', '将污泥干化系统低压进料泵开关404M01-2 选择方式搬把打至\"远方\"。', '404M', '北京电厂', 'DR', '电气倒闸操作票', '一单元', '电气系统', '电气', '污泥干化系统低压进料泵开关404M01-2检修转热备用', '低压进料泵开关', '404M01-2', '00111', '化学电气', '80005946', '2013-01-05', '80005946', '2013-01-05', '80005932', '2013-01-05');
INSERT INTO `wf_operatecontent` VALUES ('283', 'DR00000005', '1', '1001+1002+1003', '检查相应的检修工作已结束，工作票已收回；', '404M', '北京电厂', 'DR', '电气倒闸操作票', '一单元', '电气系统', '电气', '污泥干化系统污泥循环泵B开关404M01-6检修转热备用', '污泥循环泵B开关', '404M01-6', '00111', '化学电气', '80005946', '2013-01-05', '80005946', '2013-01-05', '80005932', '2013-01-05');
INSERT INTO `wf_operatecontent` VALUES ('284', 'DR00000005', '2', '', '穿好防护服，戴好防护面罩和手套；', '404M', '北京电厂', 'DR', '电气倒闸操作票', '一单元', '电气系统', '电气', '污泥干化系统污泥循环泵B开关404M01-6检修转热备用', '污泥循环泵B开关', '404M01-6', '00111', '化学电气', '80005946', '2013-01-05', '80005946', '2013-01-05', '80005932', '2013-01-05');
INSERT INTO `wf_operatecontent` VALUES ('285', 'DR00000005', '3', '', '悬挂污泥干化系统污泥循环泵B开关404M01-6柜上\"禁止合闸，有人工作\"标示牌', '404M', '北京电厂', 'DR', '电气倒闸操作票', '一单元', '电气系统', '电气', '污泥干化系统污泥循环泵B开关404M01-6检修转热备用', '污泥循环泵B开关', '404M01-6', '00111', '化学电气', '80005946', '2013-01-05', '80005946', '2013-01-05', '80005932', '2013-01-05');
INSERT INTO `wf_operatecontent` VALUES ('286', 'DR00000005', '4', '', '检查污泥干化系统污泥循环泵B开关404M01-6在检修位置；', '404M', '北京电厂', 'DR', '电气倒闸操作票', '一单元', '电气系统', '电气', '污泥干化系统污泥循环泵B开关404M01-6检修转热备用', '污泥循环泵B开关', '404M01-6', '00111', '化学电气', '80005946', '2013-01-05', '80005946', '2013-01-05', '80005932', '2013-01-05');
INSERT INTO `wf_operatecontent` VALUES ('287', 'DR00000005', '5', '', '验证污泥干化系统污泥循环泵B开关404M01-6负荷侧A相无电；', '404M', '北京电厂', 'DR', '电气倒闸操作票', '一单元', '电气系统', '电气', '污泥干化系统污泥循环泵B开关404M01-6检修转热备用', '污泥循环泵B开关', '404M01-6', '00111', '化学电气', '80005946', '2013-01-05', '80005946', '2013-01-05', '80005932', '2013-01-05');
INSERT INTO `wf_operatecontent` VALUES ('288', 'DR00000005', '6', '', '验证污泥干化系统污泥循环泵B开关404M01-6负荷侧B相无电；', '404M', '北京电厂', 'DR', '电气倒闸操作票', '一单元', '电气系统', '电气', '污泥干化系统污泥循环泵B开关404M01-6检修转热备用', '污泥循环泵B开关', '404M01-6', '00111', '化学电气', '80005946', '2013-01-05', '80005946', '2013-01-05', '80005932', '2013-01-05');
INSERT INTO `wf_operatecontent` VALUES ('289', 'DR00000005', '7', '2001', '验证污泥干化系统污泥循环泵B开关404M01-6负荷侧C相无电；', '404M', '北京电厂', 'DR', '电气倒闸操作票', '一单元', '电气系统', '电气', '污泥干化系统污泥循环泵B开关404M01-6检修转热备用', '污泥循环泵B开关', '404M01-6', '00111', '化学电气', '80005946', '2013-01-05', '80005946', '2013-01-05', '80005932', '2013-01-05');
INSERT INTO `wf_operatecontent` VALUES ('290', 'DR00000005', '8', '', '测量污泥干化系统污泥循环泵B开关404M01-6负荷侧A相对地间绝缘电阻为      MΩ，合格；', '404M', '北京电厂', 'DR', '电气倒闸操作票', '一单元', '电气系统', '电气', '污泥干化系统污泥循环泵B开关404M01-6检修转热备用', '污泥循环泵B开关', '404M01-6', '00111', '化学电气', '80005946', '2013-01-05', '80005946', '2013-01-05', '80005932', '2013-01-05');
INSERT INTO `wf_operatecontent` VALUES ('291', 'DR00000005', '9', '', '测量污泥干化系统污泥循环泵B开关404M01-6负荷侧B相对地间绝缘电阻为      MΩ，合格；', '404M', '北京电厂', 'DR', '电气倒闸操作票', '一单元', '电气系统', '电气', '污泥干化系统污泥循环泵B开关404M01-6检修转热备用', '污泥循环泵B开关', '404M01-6', '00111', '化学电气', '80005946', '2013-01-05', '80005946', '2013-01-05', '80005932', '2013-01-05');
INSERT INTO `wf_operatecontent` VALUES ('292', 'DR00000005', '10', '', '测量污泥干化系统污泥循环泵B开关404M01-6负荷侧C相对地间绝缘电阻为      MΩ，合格；', '404M', '北京电厂', 'DR', '电气倒闸操作票', '一单元', '电气系统', '电气', '污泥干化系统污泥循环泵B开关404M01-6检修转热备用', '污泥循环泵B开关', '404M01-6', '00111', '化学电气', '80005946', '2013-01-05', '80005946', '2013-01-05', '80005932', '2013-01-05');
INSERT INTO `wf_operatecontent` VALUES ('293', 'DR00000005', '11', '', '测量污泥干化系统污泥循环泵B开关404M01-6负荷侧A、B相间电阻为   MΩ，合格；', '404M', '北京电厂', 'DR', '电气倒闸操作票', '一单元', '电气系统', '电气', '污泥干化系统污泥循环泵B开关404M01-6检修转热备用', '污泥循环泵B开关', '404M01-6', '00111', '化学电气', '80005946', '2013-01-05', '80005946', '2013-01-05', '80005932', '2013-01-05');
INSERT INTO `wf_operatecontent` VALUES ('294', 'DR00000005', '12', '', '测量污泥干化系统污泥循环泵B开关404M01-6负荷侧B、C相间电阻为   MΩ，合格；', '404M', '北京电厂', 'DR', '电气倒闸操作票', '一单元', '电气系统', '电气', '污泥干化系统污泥循环泵B开关404M01-6检修转热备用', '污泥循环泵B开关', '404M01-6', '00111', '化学电气', '80005946', '2013-01-05', '80005946', '2013-01-05', '80005932', '2013-01-05');
INSERT INTO `wf_operatecontent` VALUES ('295', 'DR00000005', '13', '', '测量污泥干化系统污泥循环泵B开关404M01-6负荷侧C、A相间电阻为   MΩ，合格；', '404M', '北京电厂', 'DR', '电气倒闸操作票', '一单元', '电气系统', '电气', '污泥干化系统污泥循环泵B开关404M01-6检修转热备用', '污泥循环泵B开关', '404M01-6', '00111', '化学电气', '80005946', '2013-01-05', '80005946', '2013-01-05', '80005932', '2013-01-05');
INSERT INTO `wf_operatecontent` VALUES ('296', 'DR00000005', '14', '', '检查污泥干化系统污泥循环泵B开关404M01-6在断开状态； 检查污泥干化系统污泥循环泵B开关404M01-6二次插头完好；', '404M', '北京电厂', 'DR', '电气倒闸操作票', '一单元', '电气系统', '电气', '污泥干化系统污泥循环泵B开关404M01-6检修转热备用', '污泥循环泵B开关', '404M01-6', '00111', '化学电气', '80005946', '2013-01-05', '80005946', '2013-01-05', '80005932', '2013-01-05');
INSERT INTO `wf_operatecontent` VALUES ('297', 'DR00000005', '15', '', '检查污泥干化系统污泥循环泵B开关404M01-6控制电源开关404M01-6在断；', '404M', '北京电厂', 'DR', '电气倒闸操作票', '一单元', '电气系统', '电气', '污泥干化系统污泥循环泵B开关404M01-6检修转热备用', '污泥循环泵B开关', '404M01-6', '00111', '化学电气', '80005946', '2013-01-05', '80005946', '2013-01-05', '80005932', '2013-01-05');
INSERT INTO `wf_operatecontent` VALUES ('298', 'DR00000005', '16', '', '将污泥干化系统污泥循环泵B开关404M01-6推至试验位置；', '404M', '北京电厂', 'DR', '电气倒闸操作票', '一单元', '电气系统', '电气', '污泥干化系统污泥循环泵B开关404M01-6检修转热备用', '污泥循环泵B开关', '404M01-6', '00111', '化学电气', '80005946', '2013-01-05', '80005946', '2013-01-05', '80005932', '2013-01-05');
INSERT INTO `wf_operatecontent` VALUES ('299', 'DR00000005', '17', '', '将污泥干化系统污泥循环泵B开关404M01-6推至工作位置；', '404M', '北京电厂', 'DR', '电气倒闸操作票', '一单元', '电气系统', '电气', '污泥干化系统污泥循环泵B开关404M01-6检修转热备用', '污泥循环泵B开关', '404M01-6', '00111', '化学电气', '80005946', '2013-01-05', '80005946', '2013-01-05', '80005932', '2013-01-05');
INSERT INTO `wf_operatecontent` VALUES ('300', 'DR00000005', '18', '', '合上污泥干化系统污泥循环泵B开关404M01-6；固定二维码', '404M', '北京电厂', 'DR', '电气倒闸操作票', '一单元', '电气系统', '电气', '污泥干化系统污泥循环泵B开关404M01-6检修转热备用', '污泥循环泵B开关', '404M01-6', '00111', '化学电气', '80005946', '2013-01-05', '80005946', '2013-01-05', '80005932', '2013-01-05');
INSERT INTO `wf_operatecontent` VALUES ('301', 'DR00000005', '19', '', '检查污泥干化系统污泥循环泵B开关404M01-6确已合好;', '404M', '北京电厂', 'DR', '电气倒闸操作票', '一单元', '电气系统', '电气', '污泥干化系统污泥循环泵B开关404M01-6检修转热备用', '污泥循环泵B开关', '404M01-6', '00111', '化学电气', '80005946', '2013-01-05', '80005946', '2013-01-05', '80005932', '2013-01-05');
INSERT INTO `wf_operatecontent` VALUES ('302', 'DR00000005', '20', '', '合上污泥干化系统污泥循环泵B开关404M01-6控制电源；', '404M', '北京电厂', 'DR', '电气倒闸操作票', '一单元', '电气系统', '电气', '污泥干化系统污泥循环泵B开关404M01-6检修转热备用', '污泥循环泵B开关', '404M01-6', '00111', '化学电气', '80005946', '2013-01-05', '80005946', '2013-01-05', '80005932', '2013-01-05');
INSERT INTO `wf_operatecontent` VALUES ('303', 'DR00000005', '21', '', '将污泥干化系统污泥循环泵B开关404M01-6 选择方式搬把打至\"远方\"。', '404M', '北京电厂', 'DR', '电气倒闸操作票', '一单元', '电气系统', '电气', '污泥干化系统污泥循环泵B开关404M01-6检修转热备用', '污泥循环泵B开关', '404M01-6', '00111', '化学电气', '80005946', '2013-01-05', '80005946', '2013-01-05', '80005932', '2013-01-05');
INSERT INTO `wf_operatecontent` VALUES ('304', 'DR00000006', '1', '', '检查相应的检修工作已结束，工作票已收回；', '404M', '北京电厂', 'DR', '电气倒闸操作票', '一单元', '电气系统', '电气', '污泥干化系统皮带输送机开关404M01-4检修转热备用', '皮带输送机开关', '404M01-4', '00111', '化学电气', '80005946', '2013-01-05', '80005946', '2013-01-05', '80005932', '2013-01-05');
INSERT INTO `wf_operatecontent` VALUES ('305', 'DR00000006', '2', '', '穿好防护服，戴好防护面罩和手套；', '404M', '北京电厂', 'DR', '电气倒闸操作票', '一单元', '电气系统', '电气', '污泥干化系统皮带输送机开关404M01-4检修转热备用', '皮带输送机开关', '404M01-4', '00111', '化学电气', '80005946', '2013-01-05', '80005946', '2013-01-05', '80005932', '2013-01-05');
INSERT INTO `wf_operatecontent` VALUES ('306', 'DR00000006', '3', '', '摘除污泥干化系统皮带输送机开关404M01-4柜上\"禁止合闸，有人工作\"标示牌；', '404M', '北京电厂', 'DR', '电气倒闸操作票', '一单元', '电气系统', '电气', '污泥干化系统皮带输送机开关404M01-4检修转热备用', '皮带输送机开关', '404M01-4', '00111', '化学电气', '80005946', '2013-01-05', '80005946', '2013-01-05', '80005932', '2013-01-05');
INSERT INTO `wf_operatecontent` VALUES ('307', 'DR00000006', '4', '', '检查污泥干化系统皮带输送机开关404M01-4在检修位置；', '404M', '北京电厂', 'DR', '电气倒闸操作票', '一单元', '电气系统', '电气', '污泥干化系统皮带输送机开关404M01-4检修转热备用', '皮带输送机开关', '404M01-4', '00111', '化学电气', '80005946', '2013-01-05', '80005946', '2013-01-05', '80005932', '2013-01-05');
INSERT INTO `wf_operatecontent` VALUES ('308', 'DR00000006', '5', '', '验证污泥干化系统皮带输送机开关404M01-4负荷侧A相无电；', '404M', '北京电厂', 'DR', '电气倒闸操作票', '一单元', '电气系统', '电气', '污泥干化系统皮带输送机开关404M01-4检修转热备用', '皮带输送机开关', '404M01-4', '00111', '化学电气', '80005946', '2013-01-05', '80005946', '2013-01-05', '80005932', '2013-01-05');
INSERT INTO `wf_operatecontent` VALUES ('309', 'DR00000006', '6', '', '验证污泥干化系统皮带输送机开关404M01-4负荷侧B相无电；', '404M', '北京电厂', 'DR', '电气倒闸操作票', '一单元', '电气系统', '电气', '污泥干化系统皮带输送机开关404M01-4检修转热备用', '皮带输送机开关', '404M01-4', '00111', '化学电气', '80005946', '2013-01-05', '80005946', '2013-01-05', '80005932', '2013-01-05');
INSERT INTO `wf_operatecontent` VALUES ('310', 'DR00000006', '7', '', '验证污泥干化系统皮带输送机开关404M01-4负荷侧C相无电；', '404M', '北京电厂', 'DR', '电气倒闸操作票', '一单元', '电气系统', '电气', '污泥干化系统皮带输送机开关404M01-4检修转热备用', '皮带输送机开关', '404M01-4', '00111', '化学电气', '80005946', '2013-01-05', '80005946', '2013-01-05', '80005932', '2013-01-05');
INSERT INTO `wf_operatecontent` VALUES ('311', 'DR00000006', '8', '', '测量污泥干化系统皮带输送机开关404M01-4负荷侧A相对地间绝缘电阻为      MΩ，合格；', '404M', '北京电厂', 'DR', '电气倒闸操作票', '一单元', '电气系统', '电气', '污泥干化系统皮带输送机开关404M01-4检修转热备用', '皮带输送机开关', '404M01-4', '00111', '化学电气', '80005946', '2013-01-05', '80005946', '2013-01-05', '80005932', '2013-01-05');
INSERT INTO `wf_operatecontent` VALUES ('312', 'DR00000006', '9', '', '测量污泥干化系统皮带输送机开关404M01-4负荷侧B相对地间绝缘电阻为      MΩ，合格；', '404M', '北京电厂', 'DR', '电气倒闸操作票', '一单元', '电气系统', '电气', '污泥干化系统皮带输送机开关404M01-4检修转热备用', '皮带输送机开关', '404M01-4', '00111', '化学电气', '80005946', '2013-01-05', '80005946', '2013-01-05', '80005932', '2013-01-05');
INSERT INTO `wf_operatecontent` VALUES ('313', 'DR00000006', '10', '', '测量污泥干化系统皮带输送机开关404M01-4负荷侧C相对地间绝缘电阻为      MΩ，合格；', '404M', '北京电厂', 'DR', '电气倒闸操作票', '一单元', '电气系统', '电气', '污泥干化系统皮带输送机开关404M01-4检修转热备用', '皮带输送机开关', '404M01-4', '00111', '化学电气', '80005946', '2013-01-05', '80005946', '2013-01-05', '80005932', '2013-01-05');
INSERT INTO `wf_operatecontent` VALUES ('314', 'DR00000006', '11', '', '测量污泥干化系统皮带输送机开关404M01-4负荷侧A、B相间电阻为   MΩ，合格；', '404M', '北京电厂', 'DR', '电气倒闸操作票', '一单元', '电气系统', '电气', '污泥干化系统皮带输送机开关404M01-4检修转热备用', '皮带输送机开关', '404M01-4', '00111', '化学电气', '80005946', '2013-01-05', '80005946', '2013-01-05', '80005932', '2013-01-05');
INSERT INTO `wf_operatecontent` VALUES ('315', 'DR00000006', '12', '', '测量污泥干化系统皮带输送机开关404M01-4负荷侧B、C相间电阻为   MΩ，合格；', '404M', '北京电厂', 'DR', '电气倒闸操作票', '一单元', '电气系统', '电气', '污泥干化系统皮带输送机开关404M01-4检修转热备用', '皮带输送机开关', '404M01-4', '00111', '化学电气', '80005946', '2013-01-05', '80005946', '2013-01-05', '80005932', '2013-01-05');
INSERT INTO `wf_operatecontent` VALUES ('316', 'DR00000006', '13', '', '测量污泥干化系统皮带输送机开关404M01-4负荷侧C、A相间电阻为   MΩ，合格；', '404M', '北京电厂', 'DR', '电气倒闸操作票', '一单元', '电气系统', '电气', '污泥干化系统皮带输送机开关404M01-4检修转热备用', '皮带输送机开关', '404M01-4', '00111', '化学电气', '80005946', '2013-01-05', '80005946', '2013-01-05', '80005932', '2013-01-05');
INSERT INTO `wf_operatecontent` VALUES ('317', 'DR00000006', '14', '', '检查污泥干化系统皮带输送机开关404M01-4在断开状态； 检查污泥干化系统皮带输送机开关404M01-4二次插头完好；', '404M', '北京电厂', 'DR', '电气倒闸操作票', '一单元', '电气系统', '电气', '污泥干化系统皮带输送机开关404M01-4检修转热备用', '皮带输送机开关', '404M01-4', '00111', '化学电气', '80005946', '2013-01-05', '80005946', '2013-01-05', '80005932', '2013-01-05');
INSERT INTO `wf_operatecontent` VALUES ('318', 'DR00000006', '15', '', '检查污泥干化系统皮带输送机开关404M01-4控制电源开关404M01-4在断；', '404M', '北京电厂', 'DR', '电气倒闸操作票', '一单元', '电气系统', '电气', '污泥干化系统皮带输送机开关404M01-4检修转热备用', '皮带输送机开关', '404M01-4', '00111', '化学电气', '80005946', '2013-01-05', '80005946', '2013-01-05', '80005932', '2013-01-05');
INSERT INTO `wf_operatecontent` VALUES ('319', 'DR00000006', '16', '', '将污泥干化系统皮带输送机开关404M01-4推至试验位置；', '404M', '北京电厂', 'DR', '电气倒闸操作票', '一单元', '电气系统', '电气', '污泥干化系统皮带输送机开关404M01-4检修转热备用', '皮带输送机开关', '404M01-4', '00111', '化学电气', '80005946', '2013-01-05', '80005946', '2013-01-05', '80005932', '2013-01-05');
INSERT INTO `wf_operatecontent` VALUES ('320', 'DR00000006', '17', '', '将污泥干化系统皮带输送机开关404M01-4推至工作位置；', '404M', '北京电厂', 'DR', '电气倒闸操作票', '一单元', '电气系统', '电气', '污泥干化系统皮带输送机开关404M01-4检修转热备用', '皮带输送机开关', '404M01-4', '00111', '化学电气', '80005946', '2013-01-05', '80005946', '2013-01-05', '80005932', '2013-01-05');
INSERT INTO `wf_operatecontent` VALUES ('321', 'DR00000006', '18', '', '合上污泥干化系统皮带输送机开关404M01-4；', '404M', '北京电厂', 'DR', '电气倒闸操作票', '一单元', '电气系统', '电气', '污泥干化系统皮带输送机开关404M01-4检修转热备用', '皮带输送机开关', '404M01-4', '00111', '化学电气', '80005946', '2013-01-05', '80005946', '2013-01-05', '80005932', '2013-01-05');
INSERT INTO `wf_operatecontent` VALUES ('322', 'DR00000006', '19', '', '检查污泥干化系统皮带输送机开关404M01-4确已合好;', '404M', '北京电厂', 'DR', '电气倒闸操作票', '一单元', '电气系统', '电气', '污泥干化系统皮带输送机开关404M01-4检修转热备用', '皮带输送机开关', '404M01-4', '00111', '化学电气', '80005946', '2013-01-05', '80005946', '2013-01-05', '80005932', '2013-01-05');
INSERT INTO `wf_operatecontent` VALUES ('323', 'DR00000006', '20', '', '合上污泥干化系统皮带输送机开关404M01-4控制电源；', '404M', '北京电厂', 'DR', '电气倒闸操作票', '一单元', '电气系统', '电气', '污泥干化系统皮带输送机开关404M01-4检修转热备用', '皮带输送机开关', '404M01-4', '00111', '化学电气', '80005946', '2013-01-05', '80005946', '2013-01-05', '80005932', '2013-01-05');
INSERT INTO `wf_operatecontent` VALUES ('324', 'DR00000006', '21', '', '将污泥干化系统皮带输送机开关404M01-4 选择方式搬把打至\"远方\"。', '404M', '北京电厂', 'DR', '电气倒闸操作票', '一单元', '电气系统', '电气', '污泥干化系统皮带输送机开关404M01-4检修转热备用', '皮带输送机开关', '404M01-4', '00111', '化学电气', '80005946', '2013-01-05', '80005946', '2013-01-05', '80005932', '2013-01-05');
INSERT INTO `wf_operatecontent` VALUES ('325', 'DR00000007', '1', '', '检查相应的检修工作已结束，工作票已收回；', '404M', '北京电厂', 'DR', '电气倒闸操作票', '一单元', '电气系统', '电气', '污泥干化系统废水滤液泵B开关404M01-7检修转热备用', '废水滤液泵B开关', '404M01-7', '00111', '化学电气', '80005946', '2013-01-05', '80005946', '2013-01-05', '80005932', '2013-01-05');
INSERT INTO `wf_operatecontent` VALUES ('326', 'DR00000007', '2', '', '穿好防护服，戴好防护面罩和手套；', '404M', '北京电厂', 'DR', '电气倒闸操作票', '一单元', '电气系统', '电气', '污泥干化系统废水滤液泵B开关404M01-7检修转热备用', '废水滤液泵B开关', '404M01-7', '00111', '化学电气', '80005946', '2013-01-05', '80005946', '2013-01-05', '80005932', '2013-01-05');
INSERT INTO `wf_operatecontent` VALUES ('327', 'DR00000007', '3', '', '摘除污泥干化系统废水滤液泵B开关404M01-7柜上\"禁止合闸，有人工作\"标示牌；', '404M', '北京电厂', 'DR', '电气倒闸操作票', '一单元', '电气系统', '电气', '污泥干化系统废水滤液泵B开关404M01-7检修转热备用', '废水滤液泵B开关', '404M01-7', '00111', '化学电气', '80005946', '2013-01-05', '80005946', '2013-01-05', '80005932', '2013-01-05');
INSERT INTO `wf_operatecontent` VALUES ('328', 'DR00000007', '4', '', '检查污泥干化系统废水滤液泵B开关404M01-7在检修位置；', '404M', '北京电厂', 'DR', '电气倒闸操作票', '一单元', '电气系统', '电气', '污泥干化系统废水滤液泵B开关404M01-7检修转热备用', '废水滤液泵B开关', '404M01-7', '00111', '化学电气', '80005946', '2013-01-05', '80005946', '2013-01-05', '80005932', '2013-01-05');
INSERT INTO `wf_operatecontent` VALUES ('329', 'DR00000007', '5', '', '验证污泥干化系统废水滤液泵B开关404M01-7负荷侧A相无电；', '404M', '北京电厂', 'DR', '电气倒闸操作票', '一单元', '电气系统', '电气', '污泥干化系统废水滤液泵B开关404M01-7检修转热备用', '废水滤液泵B开关', '404M01-7', '00111', '化学电气', '80005946', '2013-01-05', '80005946', '2013-01-05', '80005932', '2013-01-05');
INSERT INTO `wf_operatecontent` VALUES ('330', 'DR00000007', '6', '', '验证污泥干化系统废水滤液泵B开关404M01-7负荷侧B相无电；', '404M', '北京电厂', 'DR', '电气倒闸操作票', '一单元', '电气系统', '电气', '污泥干化系统废水滤液泵B开关404M01-7检修转热备用', '废水滤液泵B开关', '404M01-7', '00111', '化学电气', '80005946', '2013-01-05', '80005946', '2013-01-05', '80005932', '2013-01-05');
INSERT INTO `wf_operatecontent` VALUES ('331', 'DR00000007', '7', '', '验证污泥干化系统废水滤液泵B开关404M01-7负荷侧C相无电；', '404M', '北京电厂', 'DR', '电气倒闸操作票', '一单元', '电气系统', '电气', '污泥干化系统废水滤液泵B开关404M01-7检修转热备用', '废水滤液泵B开关', '404M01-7', '00111', '化学电气', '80005946', '2013-01-05', '80005946', '2013-01-05', '80005932', '2013-01-05');
INSERT INTO `wf_operatecontent` VALUES ('332', 'DR00000007', '8', '', '测量污泥干化系统废水滤液泵B开关404M01-7负荷侧A相对地间绝缘电阻为      MΩ，合格；', '404M', '北京电厂', 'DR', '电气倒闸操作票', '一单元', '电气系统', '电气', '污泥干化系统废水滤液泵B开关404M01-7检修转热备用', '废水滤液泵B开关', '404M01-7', '00111', '化学电气', '80005946', '2013-01-05', '80005946', '2013-01-05', '80005932', '2013-01-05');
INSERT INTO `wf_operatecontent` VALUES ('333', 'DR00000007', '9', '', '测量污泥干化系统废水滤液泵B开关404M01-7负荷侧B相对地间绝缘电阻为      MΩ，合格；', '404M', '北京电厂', 'DR', '电气倒闸操作票', '一单元', '电气系统', '电气', '污泥干化系统废水滤液泵B开关404M01-7检修转热备用', '废水滤液泵B开关', '404M01-7', '00111', '化学电气', '80005946', '2013-01-05', '80005946', '2013-01-05', '80005932', '2013-01-05');
INSERT INTO `wf_operatecontent` VALUES ('334', 'DR00000007', '10', '', '测量污泥干化系统废水滤液泵B开关404M01-7负荷侧C相对地间绝缘电阻为      MΩ，合格；', '404M', '北京电厂', 'DR', '电气倒闸操作票', '一单元', '电气系统', '电气', '污泥干化系统废水滤液泵B开关404M01-7检修转热备用', '废水滤液泵B开关', '404M01-7', '00111', '化学电气', '80005946', '2013-01-05', '80005946', '2013-01-05', '80005932', '2013-01-05');
INSERT INTO `wf_operatecontent` VALUES ('335', 'DR00000007', '11', '', '测量污泥干化系统废水滤液泵B开关404M01-7负荷侧A、B相间电阻为   MΩ，合格；', '404M', '北京电厂', 'DR', '电气倒闸操作票', '一单元', '电气系统', '电气', '污泥干化系统废水滤液泵B开关404M01-7检修转热备用', '废水滤液泵B开关', '404M01-7', '00111', '化学电气', '80005946', '2013-01-05', '80005946', '2013-01-05', '80005932', '2013-01-05');
INSERT INTO `wf_operatecontent` VALUES ('336', 'DR00000007', '12', '', '测量污泥干化系统废水滤液泵B开关404M01-7负荷侧B、C相间电阻为   MΩ，合格；', '404M', '北京电厂', 'DR', '电气倒闸操作票', '一单元', '电气系统', '电气', '污泥干化系统废水滤液泵B开关404M01-7检修转热备用', '废水滤液泵B开关', '404M01-7', '00111', '化学电气', '80005946', '2013-01-05', '80005946', '2013-01-05', '80005932', '2013-01-05');
INSERT INTO `wf_operatecontent` VALUES ('337', 'DR00000007', '13', '', '测量污泥干化系统废水滤液泵B开关404M01-7负荷侧C、A相间电阻为   MΩ，合格；', '404M', '北京电厂', 'DR', '电气倒闸操作票', '一单元', '电气系统', '电气', '污泥干化系统废水滤液泵B开关404M01-7检修转热备用', '废水滤液泵B开关', '404M01-7', '00111', '化学电气', '80005946', '2013-01-05', '80005946', '2013-01-05', '80005932', '2013-01-05');
INSERT INTO `wf_operatecontent` VALUES ('338', 'DR00000007', '14', '', '检查污泥干化系统废水滤液泵B开关404M01-7在断开状态； 检查污泥干化系统废水滤液泵B开关404M01-7二次插头完好；', '404M', '北京电厂', 'DR', '电气倒闸操作票', '一单元', '电气系统', '电气', '污泥干化系统废水滤液泵B开关404M01-7检修转热备用', '废水滤液泵B开关', '404M01-7', '00111', '化学电气', '80005946', '2013-01-05', '80005946', '2013-01-05', '80005932', '2013-01-05');
INSERT INTO `wf_operatecontent` VALUES ('339', 'DR00000007', '15', '', '检查污泥干化系统废水滤液泵B开关404M01-7控制电源开关404M01-7在断；', '404M', '北京电厂', 'DR', '电气倒闸操作票', '一单元', '电气系统', '电气', '污泥干化系统废水滤液泵B开关404M01-7检修转热备用', '废水滤液泵B开关', '404M01-7', '00111', '化学电气', '80005946', '2013-01-05', '80005946', '2013-01-05', '80005932', '2013-01-05');
INSERT INTO `wf_operatecontent` VALUES ('340', 'DR00000007', '16', '', '将污泥干化系统废水滤液泵B开关404M01-7推至试验位置；', '404M', '北京电厂', 'DR', '电气倒闸操作票', '一单元', '电气系统', '电气', '污泥干化系统废水滤液泵B开关404M01-7检修转热备用', '废水滤液泵B开关', '404M01-7', '00111', '化学电气', '80005946', '2013-01-05', '80005946', '2013-01-05', '80005932', '2013-01-05');
INSERT INTO `wf_operatecontent` VALUES ('341', 'DR00000007', '17', '', '将污泥干化系统废水滤液泵B开关404M01-7推至工作位置；', '404M', '北京电厂', 'DR', '电气倒闸操作票', '一单元', '电气系统', '电气', '污泥干化系统废水滤液泵B开关404M01-7检修转热备用', '废水滤液泵B开关', '404M01-7', '00111', '化学电气', '80005946', '2013-01-05', '80005946', '2013-01-05', '80005932', '2013-01-05');
INSERT INTO `wf_operatecontent` VALUES ('342', 'DR00000007', '18', '', '合上污泥干化系统废水滤液泵B开关404M01-7；', '404M', '北京电厂', 'DR', '电气倒闸操作票', '一单元', '电气系统', '电气', '污泥干化系统废水滤液泵B开关404M01-7检修转热备用', '废水滤液泵B开关', '404M01-7', '00111', '化学电气', '80005946', '2013-01-05', '80005946', '2013-01-05', '80005932', '2013-01-05');
INSERT INTO `wf_operatecontent` VALUES ('343', 'DR00000007', '19', '', '检查污泥干化系统废水滤液泵B开关404M01-7确已合好;', '404M', '北京电厂', 'DR', '电气倒闸操作票', '一单元', '电气系统', '电气', '污泥干化系统废水滤液泵B开关404M01-7检修转热备用', '废水滤液泵B开关', '404M01-7', '00111', '化学电气', '80005946', '2013-01-05', '80005946', '2013-01-05', '80005932', '2013-01-05');
INSERT INTO `wf_operatecontent` VALUES ('344', 'DR00000007', '20', '', '合上污泥干化系统废水滤液泵B开关404M01-7控制电源；', '404M', '北京电厂', 'DR', '电气倒闸操作票', '一单元', '电气系统', '电气', '污泥干化系统废水滤液泵B开关404M01-7检修转热备用', '废水滤液泵B开关', '404M01-7', '00111', '化学电气', '80005946', '2013-01-05', '80005946', '2013-01-05', '80005932', '2013-01-05');
INSERT INTO `wf_operatecontent` VALUES ('345', 'DR00000007', '21', '', '将污泥干化系统废水滤液泵B开关404M01-7 选择方式搬把打至\"远方\"。', '404M', '北京电厂', 'DR', '电气倒闸操作票', '一单元', '电气系统', '电气', '污泥干化系统废水滤液泵B开关404M01-7检修转热备用', '废水滤液泵B开关', '404M01-7', '00111', '化学电气', '80005946', '2013-01-05', '80005946', '2013-01-05', '80005932', '2013-01-05');
INSERT INTO `wf_operatecontent` VALUES ('346', 'DR00000008', '1', '', '检查相应的检修工作已结束，工作票已收回；', '404L', '北京电厂', 'DR', '电气倒闸操作票', '一单元', '电气系统', '电气', '污泥干化系统污泥循环泵A开关404L01-3检修转热备用', '污泥循环泵A开关', '404L01-3', '00111', '化学电气', '80005946', '2013-01-05', '80005946', '2013-01-05', '80005932', '2013-01-05');
INSERT INTO `wf_operatecontent` VALUES ('347', 'DR00000008', '2', '', '穿好防护服，戴好防护面罩和手套；', '404L', '北京电厂', 'DR', '电气倒闸操作票', '一单元', '电气系统', '电气', '污泥干化系统污泥循环泵A开关404L01-3检修转热备用', '污泥循环泵A开关', '404L01-3', '00111', '化学电气', '80005946', '2013-01-05', '80005946', '2013-01-05', '80005932', '2013-01-05');
INSERT INTO `wf_operatecontent` VALUES ('348', 'DR00000008', '3', '', '摘除污泥干化系统污泥循环泵A开关404L01-3柜上\"禁止合闸，有人工作\"标示牌；', '404L', '北京电厂', 'DR', '电气倒闸操作票', '一单元', '电气系统', '电气', '污泥干化系统污泥循环泵A开关404L01-3检修转热备用', '污泥循环泵A开关', '404L01-3', '00111', '化学电气', '80005946', '2013-01-05', '80005946', '2013-01-05', '80005932', '2013-01-05');
INSERT INTO `wf_operatecontent` VALUES ('349', 'DR00000008', '4', '', '检查污泥干化系统污泥循环泵A开关404L01-3在检修位置；', '404L', '北京电厂', 'DR', '电气倒闸操作票', '一单元', '电气系统', '电气', '污泥干化系统污泥循环泵A开关404L01-3检修转热备用', '污泥循环泵A开关', '404L01-3', '00111', '化学电气', '80005946', '2013-01-05', '80005946', '2013-01-05', '80005932', '2013-01-05');
INSERT INTO `wf_operatecontent` VALUES ('350', 'DR00000008', '5', '', '验证污泥干化系统污泥循环泵A开关404L01-3负荷侧A相无电；', '404L', '北京电厂', 'DR', '电气倒闸操作票', '一单元', '电气系统', '电气', '污泥干化系统污泥循环泵A开关404L01-3检修转热备用', '污泥循环泵A开关', '404L01-3', '00111', '化学电气', '80005946', '2013-01-05', '80005946', '2013-01-05', '80005932', '2013-01-05');
INSERT INTO `wf_operatecontent` VALUES ('351', 'DR00000008', '6', '', '验证污泥干化系统污泥循环泵A开关404L01-3负荷侧B相无电；', '404L', '北京电厂', 'DR', '电气倒闸操作票', '一单元', '电气系统', '电气', '污泥干化系统污泥循环泵A开关404L01-3检修转热备用', '污泥循环泵A开关', '404L01-3', '00111', '化学电气', '80005946', '2013-01-05', '80005946', '2013-01-05', '80005932', '2013-01-05');
INSERT INTO `wf_operatecontent` VALUES ('352', 'DR00000008', '7', '', '验证污泥干化系统污泥循环泵A开关404L01-3负荷侧C相无电；', '404L', '北京电厂', 'DR', '电气倒闸操作票', '一单元', '电气系统', '电气', '污泥干化系统污泥循环泵A开关404L01-3检修转热备用', '污泥循环泵A开关', '404L01-3', '00111', '化学电气', '80005946', '2013-01-05', '80005946', '2013-01-05', '80005932', '2013-01-05');
INSERT INTO `wf_operatecontent` VALUES ('353', 'DR00000008', '8', '', '测量污泥干化系统污泥循环泵A开关404L01-3负荷侧A相对地间绝缘电阻为      MΩ，合格；', '404L', '北京电厂', 'DR', '电气倒闸操作票', '一单元', '电气系统', '电气', '污泥干化系统污泥循环泵A开关404L01-3检修转热备用', '污泥循环泵A开关', '404L01-3', '00111', '化学电气', '80005946', '2013-01-05', '80005946', '2013-01-05', '80005932', '2013-01-05');
INSERT INTO `wf_operatecontent` VALUES ('354', 'DR00000008', '9', '', '测量污泥干化系统污泥循环泵A开关404L01-3负荷侧B相对地间绝缘电阻为      MΩ，合格；', '404L', '北京电厂', 'DR', '电气倒闸操作票', '一单元', '电气系统', '电气', '污泥干化系统污泥循环泵A开关404L01-3检修转热备用', '污泥循环泵A开关', '404L01-3', '00111', '化学电气', '80005946', '2013-01-05', '80005946', '2013-01-05', '80005932', '2013-01-05');
INSERT INTO `wf_operatecontent` VALUES ('355', 'DR00000008', '10', '', '测量污泥干化系统污泥循环泵A开关404L01-3负荷侧C相对地间绝缘电阻为      MΩ，合格；', '404L', '北京电厂', 'DR', '电气倒闸操作票', '一单元', '电气系统', '电气', '污泥干化系统污泥循环泵A开关404L01-3检修转热备用', '污泥循环泵A开关', '404L01-3', '00111', '化学电气', '80005946', '2013-01-05', '80005946', '2013-01-05', '80005932', '2013-01-05');
INSERT INTO `wf_operatecontent` VALUES ('356', 'DR00000008', '11', '', '测量污泥干化系统污泥循环泵A开关404L01-3负荷侧A、B相间电阻为   MΩ，合格；', '404L', '北京电厂', 'DR', '电气倒闸操作票', '一单元', '电气系统', '电气', '污泥干化系统污泥循环泵A开关404L01-3检修转热备用', '污泥循环泵A开关', '404L01-3', '00111', '化学电气', '80005946', '2013-01-05', '80005946', '2013-01-05', '80005932', '2013-01-05');
INSERT INTO `wf_operatecontent` VALUES ('357', 'DR00000008', '12', '', '测量污泥干化系统污泥循环泵A开关404L01-3负荷侧B、C相间电阻为   MΩ，合格；', '404L', '北京电厂', 'DR', '电气倒闸操作票', '一单元', '电气系统', '电气', '污泥干化系统污泥循环泵A开关404L01-3检修转热备用', '污泥循环泵A开关', '404L01-3', '00111', '化学电气', '80005946', '2013-01-05', '80005946', '2013-01-05', '80005932', '2013-01-05');
INSERT INTO `wf_operatecontent` VALUES ('358', 'DR00000008', '13', '', '测量污泥干化系统污泥循环泵A开关404L01-3负荷侧C、A相间电阻为   MΩ，合格；', '404L', '北京电厂', 'DR', '电气倒闸操作票', '一单元', '电气系统', '电气', '污泥干化系统污泥循环泵A开关404L01-3检修转热备用', '污泥循环泵A开关', '404L01-3', '00111', '化学电气', '80005946', '2013-01-05', '80005946', '2013-01-05', '80005932', '2013-01-05');
INSERT INTO `wf_operatecontent` VALUES ('359', 'DR00000008', '14', '', '检查污泥干化系统污泥循环泵A开关404L01-3在断开状态； 检查污泥干化系统污泥循环泵A开关404L01-3二次插头完好；', '404L', '北京电厂', 'DR', '电气倒闸操作票', '一单元', '电气系统', '电气', '污泥干化系统污泥循环泵A开关404L01-3检修转热备用', '污泥循环泵A开关', '404L01-3', '00111', '化学电气', '80005946', '2013-01-05', '80005946', '2013-01-05', '80005932', '2013-01-05');
INSERT INTO `wf_operatecontent` VALUES ('360', 'DR00000008', '15', '', '检查污泥干化系统污泥循环泵A开关404L01-3控制电源开关404L01-3在断；', '404L', '北京电厂', 'DR', '电气倒闸操作票', '一单元', '电气系统', '电气', '污泥干化系统污泥循环泵A开关404L01-3检修转热备用', '污泥循环泵A开关', '404L01-3', '00111', '化学电气', '80005946', '2013-01-05', '80005946', '2013-01-05', '80005932', '2013-01-05');
INSERT INTO `wf_operatecontent` VALUES ('361', 'DR00000008', '16', '', '将污泥干化系统污泥循环泵A开关404L01-3推至试验位置；', '404L', '北京电厂', 'DR', '电气倒闸操作票', '一单元', '电气系统', '电气', '污泥干化系统污泥循环泵A开关404L01-3检修转热备用', '污泥循环泵A开关', '404L01-3', '00111', '化学电气', '80005946', '2013-01-05', '80005946', '2013-01-05', '80005932', '2013-01-05');
INSERT INTO `wf_operatecontent` VALUES ('362', 'DR00000008', '17', '', '将污泥干化系统污泥循环泵A开关404L01-3推至工作位置；', '404L', '北京电厂', 'DR', '电气倒闸操作票', '一单元', '电气系统', '电气', '污泥干化系统污泥循环泵A开关404L01-3检修转热备用', '污泥循环泵A开关', '404L01-3', '00111', '化学电气', '80005946', '2013-01-05', '80005946', '2013-01-05', '80005932', '2013-01-05');
INSERT INTO `wf_operatecontent` VALUES ('363', 'DR00000008', '18', '', '合上污泥干化系统污泥循环泵A开关404L01-3；', '404L', '北京电厂', 'DR', '电气倒闸操作票', '一单元', '电气系统', '电气', '污泥干化系统污泥循环泵A开关404L01-3检修转热备用', '污泥循环泵A开关', '404L01-3', '00111', '化学电气', '80005946', '2013-01-05', '80005946', '2013-01-05', '80005932', '2013-01-05');
INSERT INTO `wf_operatecontent` VALUES ('364', 'DR00000008', '19', '', '检查污泥干化系统污泥循环泵A开关404L01-3确已合好;', '404L', '北京电厂', 'DR', '电气倒闸操作票', '一单元', '电气系统', '电气', '污泥干化系统污泥循环泵A开关404L01-3检修转热备用', '污泥循环泵A开关', '404L01-3', '00111', '化学电气', '80005946', '2013-01-05', '80005946', '2013-01-05', '80005932', '2013-01-05');
INSERT INTO `wf_operatecontent` VALUES ('365', 'DR00000008', '20', '', '合上污泥干化系统污泥循环泵A开关404L01-3控制电源；', '404L', '北京电厂', 'DR', '电气倒闸操作票', '一单元', '电气系统', '电气', '污泥干化系统污泥循环泵A开关404L01-3检修转热备用', '污泥循环泵A开关', '404L01-3', '00111', '化学电气', '80005946', '2013-01-05', '80005946', '2013-01-05', '80005932', '2013-01-05');
INSERT INTO `wf_operatecontent` VALUES ('366', 'DR00000008', '21', '', '将污泥干化系统污泥循环泵A开关404L01-3 选择方式搬把打至\"远方\"。', '404L', '北京电厂', 'DR', '电气倒闸操作票', '一单元', '电气系统', '电气', '污泥干化系统污泥循环泵A开关404L01-3检修转热备用', '污泥循环泵A开关', '404L01-3', '00111', '化学电气', '80005946', '2013-01-05', '80005946', '2013-01-05', '80005932', '2013-01-05');
INSERT INTO `wf_operatecontent` VALUES ('367', 'DR00000009', '1', '', '检查相应的检修工作已结束，工作票已收回；', '404L', '北京电厂', 'DR', '电气倒闸操作票', '一单元', '电气系统', '电气', '污泥干化系统废水滤液泵A开关404L01-4检修转热备用', '废水滤液泵A开关', '404L01-4', '00111', '化学电气', '80005946', '2013-01-05', '80005946', '2013-01-05', '80005932', '2013-01-05');
INSERT INTO `wf_operatecontent` VALUES ('368', 'DR00000009', '2', '', '穿好防护服，戴好防护面罩和手套；', '404L', '北京电厂', 'DR', '电气倒闸操作票', '一单元', '电气系统', '电气', '污泥干化系统废水滤液泵A开关404L01-4检修转热备用', '废水滤液泵A开关', '404L01-4', '00111', '化学电气', '80005946', '2013-01-05', '80005946', '2013-01-05', '80005932', '2013-01-05');
INSERT INTO `wf_operatecontent` VALUES ('369', 'DR00000009', '3', '', '摘除污泥干化系统废水滤液泵A开关404L01-4柜上\"禁止合闸，有人工作\"标示牌；', '404L', '北京电厂', 'DR', '电气倒闸操作票', '一单元', '电气系统', '电气', '污泥干化系统废水滤液泵A开关404L01-4检修转热备用', '废水滤液泵A开关', '404L01-4', '00111', '化学电气', '80005946', '2013-01-05', '80005946', '2013-01-05', '80005932', '2013-01-05');
INSERT INTO `wf_operatecontent` VALUES ('370', 'DR00000009', '4', '', '检查污泥干化系统废水滤液泵A开关404L01-4在检修位置；', '404L', '北京电厂', 'DR', '电气倒闸操作票', '一单元', '电气系统', '电气', '污泥干化系统废水滤液泵A开关404L01-4检修转热备用', '废水滤液泵A开关', '404L01-4', '00111', '化学电气', '80005946', '2013-01-05', '80005946', '2013-01-05', '80005932', '2013-01-05');
INSERT INTO `wf_operatecontent` VALUES ('371', 'DR00000009', '5', '', '验证污泥干化系统废水滤液泵A开关404L01-4负荷侧A相无电；', '404L', '北京电厂', 'DR', '电气倒闸操作票', '一单元', '电气系统', '电气', '污泥干化系统废水滤液泵A开关404L01-4检修转热备用', '废水滤液泵A开关', '404L01-4', '00111', '化学电气', '80005946', '2013-01-05', '80005946', '2013-01-05', '80005932', '2013-01-05');
INSERT INTO `wf_operatecontent` VALUES ('372', 'DR00000009', '6', '', '验证污泥干化系统废水滤液泵A开关404L01-4负荷侧B相无电；', '404L', '北京电厂', 'DR', '电气倒闸操作票', '一单元', '电气系统', '电气', '污泥干化系统废水滤液泵A开关404L01-4检修转热备用', '废水滤液泵A开关', '404L01-4', '00111', '化学电气', '80005946', '2013-01-05', '80005946', '2013-01-05', '80005932', '2013-01-05');
INSERT INTO `wf_operatecontent` VALUES ('373', 'DR00000009', '7', '', '验证污泥干化系统废水滤液泵A开关404L01-4负荷侧C相无电；', '404L', '北京电厂', 'DR', '电气倒闸操作票', '一单元', '电气系统', '电气', '污泥干化系统废水滤液泵A开关404L01-4检修转热备用', '废水滤液泵A开关', '404L01-4', '00111', '化学电气', '80005946', '2013-01-05', '80005946', '2013-01-05', '80005932', '2013-01-05');
INSERT INTO `wf_operatecontent` VALUES ('374', 'DR00000009', '8', '', '测量污泥干化系统废水滤液泵A开关404L01-4负荷侧A相对地间绝缘电阻为      MΩ，合格；', '404L', '北京电厂', 'DR', '电气倒闸操作票', '一单元', '电气系统', '电气', '污泥干化系统废水滤液泵A开关404L01-4检修转热备用', '废水滤液泵A开关', '404L01-4', '00111', '化学电气', '80005946', '2013-01-05', '80005946', '2013-01-05', '80005932', '2013-01-05');
INSERT INTO `wf_operatecontent` VALUES ('375', 'DR00000009', '9', '', '测量污泥干化系统废水滤液泵A开关404L01-4负荷侧B相对地间绝缘电阻为      MΩ，合格；', '404L', '北京电厂', 'DR', '电气倒闸操作票', '一单元', '电气系统', '电气', '污泥干化系统废水滤液泵A开关404L01-4检修转热备用', '废水滤液泵A开关', '404L01-4', '00111', '化学电气', '80005946', '2013-01-05', '80005946', '2013-01-05', '80005932', '2013-01-05');
INSERT INTO `wf_operatecontent` VALUES ('376', 'DR00000009', '10', '', '测量污泥干化系统废水滤液泵A开关404L01-4负荷侧C相对地间绝缘电阻为      MΩ，合格；', '404L', '北京电厂', 'DR', '电气倒闸操作票', '一单元', '电气系统', '电气', '污泥干化系统废水滤液泵A开关404L01-4检修转热备用', '废水滤液泵A开关', '404L01-4', '00111', '化学电气', '80005946', '2013-01-05', '80005946', '2013-01-05', '80005932', '2013-01-05');
INSERT INTO `wf_operatecontent` VALUES ('377', 'DR00000009', '11', '', '测量污泥干化系统废水滤液泵A开关404L01-4负荷侧A、B相间电阻为   MΩ，合格；', '404L', '北京电厂', 'DR', '电气倒闸操作票', '一单元', '电气系统', '电气', '污泥干化系统废水滤液泵A开关404L01-4检修转热备用', '废水滤液泵A开关', '404L01-4', '00111', '化学电气', '80005946', '2013-01-05', '80005946', '2013-01-05', '80005932', '2013-01-05');
INSERT INTO `wf_operatecontent` VALUES ('378', 'DR00000009', '12', '', '测量污泥干化系统废水滤液泵A开关404L01-4负荷侧B、C相间电阻为   MΩ，合格；', '404L', '北京电厂', 'DR', '电气倒闸操作票', '一单元', '电气系统', '电气', '污泥干化系统废水滤液泵A开关404L01-4检修转热备用', '废水滤液泵A开关', '404L01-4', '00111', '化学电气', '80005946', '2013-01-05', '80005946', '2013-01-05', '80005932', '2013-01-05');
INSERT INTO `wf_operatecontent` VALUES ('379', 'DR00000009', '13', '', '测量污泥干化系统废水滤液泵A开关404L01-4负荷侧C、A相间电阻为   MΩ，合格；', '404L', '北京电厂', 'DR', '电气倒闸操作票', '一单元', '电气系统', '电气', '污泥干化系统废水滤液泵A开关404L01-4检修转热备用', '废水滤液泵A开关', '404L01-4', '00111', '化学电气', '80005946', '2013-01-05', '80005946', '2013-01-05', '80005932', '2013-01-05');
INSERT INTO `wf_operatecontent` VALUES ('380', 'DR00000009', '14', '', '检查污泥干化系统废水滤液泵A开关404L01-4在断开状态； 检查污泥干化系统废水滤液泵A开关404L01-4二次插头完好；', '404L', '北京电厂', 'DR', '电气倒闸操作票', '一单元', '电气系统', '电气', '污泥干化系统废水滤液泵A开关404L01-4检修转热备用', '废水滤液泵A开关', '404L01-4', '00111', '化学电气', '80005946', '2013-01-05', '80005946', '2013-01-05', '80005932', '2013-01-05');
INSERT INTO `wf_operatecontent` VALUES ('381', 'DR00000009', '15', '', '检查污泥干化系统废水滤液泵A开关404L01-4控制电源开关404L01-4在断；', '404L', '北京电厂', 'DR', '电气倒闸操作票', '一单元', '电气系统', '电气', '污泥干化系统废水滤液泵A开关404L01-4检修转热备用', '废水滤液泵A开关', '404L01-4', '00111', '化学电气', '80005946', '2013-01-05', '80005946', '2013-01-05', '80005932', '2013-01-05');
INSERT INTO `wf_operatecontent` VALUES ('382', 'DR00000009', '16', '', '将污泥干化系统废水滤液泵A开关404L01-4推至试验位置；', '404L', '北京电厂', 'DR', '电气倒闸操作票', '一单元', '电气系统', '电气', '污泥干化系统废水滤液泵A开关404L01-4检修转热备用', '废水滤液泵A开关', '404L01-4', '00111', '化学电气', '80005946', '2013-01-05', '80005946', '2013-01-05', '80005932', '2013-01-05');
INSERT INTO `wf_operatecontent` VALUES ('383', 'DR00000009', '17', '', '将污泥干化系统废水滤液泵A开关404L01-4推至工作位置；', '404L', '北京电厂', 'DR', '电气倒闸操作票', '一单元', '电气系统', '电气', '污泥干化系统废水滤液泵A开关404L01-4检修转热备用', '废水滤液泵A开关', '404L01-4', '00111', '化学电气', '80005946', '2013-01-05', '80005946', '2013-01-05', '80005932', '2013-01-05');
INSERT INTO `wf_operatecontent` VALUES ('384', 'DR00000009', '18', '', '合上污泥干化系统废水滤液泵A开关404L01-4；', '404L', '北京电厂', 'DR', '电气倒闸操作票', '一单元', '电气系统', '电气', '污泥干化系统废水滤液泵A开关404L01-4检修转热备用', '废水滤液泵A开关', '404L01-4', '00111', '化学电气', '80005946', '2013-01-05', '80005946', '2013-01-05', '80005932', '2013-01-05');
INSERT INTO `wf_operatecontent` VALUES ('385', 'DR00000009', '19', '', '检查污泥干化系统废水滤液泵A开关404L01-4确已合好;', '404L', '北京电厂', 'DR', '电气倒闸操作票', '一单元', '电气系统', '电气', '污泥干化系统废水滤液泵A开关404L01-4检修转热备用', '废水滤液泵A开关', '404L01-4', '00111', '化学电气', '80005946', '2013-01-05', '80005946', '2013-01-05', '80005932', '2013-01-05');
INSERT INTO `wf_operatecontent` VALUES ('386', 'DR00000009', '20', '', '合上污泥干化系统废水滤液泵A开关404L01-4控制电源；', '404L', '北京电厂', 'DR', '电气倒闸操作票', '一单元', '电气系统', '电气', '污泥干化系统废水滤液泵A开关404L01-4检修转热备用', '废水滤液泵A开关', '404L01-4', '00111', '化学电气', '80005946', '2013-01-05', '80005946', '2013-01-05', '80005932', '2013-01-05');
INSERT INTO `wf_operatecontent` VALUES ('387', 'DR00000009', '21', '', '将污泥干化系统废水滤液泵A开关404L01-4 选择方式搬把打至\"远方\"。', '404L', '北京电厂', 'DR', '电气倒闸操作票', '一单元', '电气系统', '电气', '污泥干化系统废水滤液泵A开关404L01-4检修转热备用', '废水滤液泵A开关', '404L01-4', '00111', '化学电气', '80005946', '2013-01-05', '80005946', '2013-01-05', '80005932', '2013-01-05');
INSERT INTO `wf_operatecontent` VALUES ('388', 'DR00000010', '1', '', '检查相应的检修工作已结束，工作票已收回；', '404M', '北京电厂', 'DR', '电气倒闸操作票', '一单元', '电气系统', '电气', '污泥干化系统低压进料泵开关404M01-2检修转热备用', '低压进料泵开关', '404M01-2', '00111', '化学电气', '80005946', '2013-01-05', '80005946', '2013-01-05', '80005932', '2013-01-05');
INSERT INTO `wf_operatecontent` VALUES ('389', 'DR00000010', '2', '', '穿好防护服，戴好防护面罩和手套；', '404M', '北京电厂', 'DR', '电气倒闸操作票', '一单元', '电气系统', '电气', '污泥干化系统低压进料泵开关404M01-2检修转热备用', '低压进料泵开关', '404M01-2', '00111', '化学电气', '80005946', '2013-01-05', '80005946', '2013-01-05', '80005932', '2013-01-05');
INSERT INTO `wf_operatecontent` VALUES ('390', 'DR00000010', '3', '', '摘除污泥干化系统低压进料泵开关404M01-2柜上\"禁止合闸，有人工作\"标示牌；', '404M', '北京电厂', 'DR', '电气倒闸操作票', '一单元', '电气系统', '电气', '污泥干化系统低压进料泵开关404M01-2检修转热备用', '低压进料泵开关', '404M01-2', '00111', '化学电气', '80005946', '2013-01-05', '80005946', '2013-01-05', '80005932', '2013-01-05');
INSERT INTO `wf_operatecontent` VALUES ('391', 'DR00000010', '4', '', '检查污泥干化系统低压进料泵开关404M01-2在检修位置；', '404M', '北京电厂', 'DR', '电气倒闸操作票', '一单元', '电气系统', '电气', '污泥干化系统低压进料泵开关404M01-2检修转热备用', '低压进料泵开关', '404M01-2', '00111', '化学电气', '80005946', '2013-01-05', '80005946', '2013-01-05', '80005932', '2013-01-05');
INSERT INTO `wf_operatecontent` VALUES ('392', 'DR00000010', '5', '', '验证污泥干化系统低压进料泵开关404M01-2负荷侧A相无电；', '404M', '北京电厂', 'DR', '电气倒闸操作票', '一单元', '电气系统', '电气', '污泥干化系统低压进料泵开关404M01-2检修转热备用', '低压进料泵开关', '404M01-2', '00111', '化学电气', '80005946', '2013-01-05', '80005946', '2013-01-05', '80005932', '2013-01-05');
INSERT INTO `wf_operatecontent` VALUES ('393', 'DR00000010', '6', '', '验证污泥干化系统低压进料泵开关404M01-2负荷侧B相无电；', '404M', '北京电厂', 'DR', '电气倒闸操作票', '一单元', '电气系统', '电气', '污泥干化系统低压进料泵开关404M01-2检修转热备用', '低压进料泵开关', '404M01-2', '00111', '化学电气', '80005946', '2013-01-05', '80005946', '2013-01-05', '80005932', '2013-01-05');
INSERT INTO `wf_operatecontent` VALUES ('394', 'DR00000010', '7', '', '验证污泥干化系统低压进料泵开关404M01-2负荷侧C相无电；', '404M', '北京电厂', 'DR', '电气倒闸操作票', '一单元', '电气系统', '电气', '污泥干化系统低压进料泵开关404M01-2检修转热备用', '低压进料泵开关', '404M01-2', '00111', '化学电气', '80005946', '2013-01-05', '80005946', '2013-01-05', '80005932', '2013-01-05');
INSERT INTO `wf_operatecontent` VALUES ('395', 'DR00000010', '8', '', '测量污泥干化系统低压进料泵开关404M01-2负荷侧A相对地间绝缘电阻为      MΩ，合格；', '404M', '北京电厂', 'DR', '电气倒闸操作票', '一单元', '电气系统', '电气', '污泥干化系统低压进料泵开关404M01-2检修转热备用', '低压进料泵开关', '404M01-2', '00111', '化学电气', '80005946', '2013-01-05', '80005946', '2013-01-05', '80005932', '2013-01-05');
INSERT INTO `wf_operatecontent` VALUES ('396', 'DR00000010', '9', '', '测量污泥干化系统低压进料泵开关404M01-2负荷侧B相对地间绝缘电阻为      MΩ，合格；', '404M', '北京电厂', 'DR', '电气倒闸操作票', '一单元', '电气系统', '电气', '污泥干化系统低压进料泵开关404M01-2检修转热备用', '低压进料泵开关', '404M01-2', '00111', '化学电气', '80005946', '2013-01-05', '80005946', '2013-01-05', '80005932', '2013-01-05');
INSERT INTO `wf_operatecontent` VALUES ('397', 'DR00000010', '10', '', '测量污泥干化系统低压进料泵开关404M01-2负荷侧C相对地间绝缘电阻为      MΩ，合格；', '404M', '北京电厂', 'DR', '电气倒闸操作票', '一单元', '电气系统', '电气', '污泥干化系统低压进料泵开关404M01-2检修转热备用', '低压进料泵开关', '404M01-2', '00111', '化学电气', '80005946', '2013-01-05', '80005946', '2013-01-05', '80005932', '2013-01-05');
INSERT INTO `wf_operatecontent` VALUES ('398', 'DR00000010', '11', '', '测量污泥干化系统低压进料泵开关404M01-2负荷侧A、B相间电阻为   MΩ，合格；', '404M', '北京电厂', 'DR', '电气倒闸操作票', '一单元', '电气系统', '电气', '污泥干化系统低压进料泵开关404M01-2检修转热备用', '低压进料泵开关', '404M01-2', '00111', '化学电气', '80005946', '2013-01-05', '80005946', '2013-01-05', '80005932', '2013-01-05');
INSERT INTO `wf_operatecontent` VALUES ('399', 'DR00000010', '12', '', '测量污泥干化系统低压进料泵开关404M01-2负荷侧B、C相间电阻为   MΩ，合格；', '404M', '北京电厂', 'DR', '电气倒闸操作票', '一单元', '电气系统', '电气', '污泥干化系统低压进料泵开关404M01-2检修转热备用', '低压进料泵开关', '404M01-2', '00111', '化学电气', '80005946', '2013-01-05', '80005946', '2013-01-05', '80005932', '2013-01-05');
INSERT INTO `wf_operatecontent` VALUES ('400', 'DR00000010', '13', '', '测量污泥干化系统低压进料泵开关404M01-2负荷侧C、A相间电阻为   MΩ，合格；', '404M', '北京电厂', 'DR', '电气倒闸操作票', '一单元', '电气系统', '电气', '污泥干化系统低压进料泵开关404M01-2检修转热备用', '低压进料泵开关', '404M01-2', '00111', '化学电气', '80005946', '2013-01-05', '80005946', '2013-01-05', '80005932', '2013-01-05');
INSERT INTO `wf_operatecontent` VALUES ('401', 'DR00000010', '14', '', '检查污泥干化系统低压进料泵开关404M01-2在断开状态； 检查污泥干化系统低压进料泵开关404M01-2二次插头完好；', '404M', '北京电厂', 'DR', '电气倒闸操作票', '一单元', '电气系统', '电气', '污泥干化系统低压进料泵开关404M01-2检修转热备用', '低压进料泵开关', '404M01-2', '00111', '化学电气', '80005946', '2013-01-05', '80005946', '2013-01-05', '80005932', '2013-01-05');
INSERT INTO `wf_operatecontent` VALUES ('402', 'DR00000010', '15', '', '检查污泥干化系统低压进料泵开关404M01-2控制电源开关404M01-2在断；', '404M', '北京电厂', 'DR', '电气倒闸操作票', '一单元', '电气系统', '电气', '污泥干化系统低压进料泵开关404M01-2检修转热备用', '低压进料泵开关', '404M01-2', '00111', '化学电气', '80005946', '2013-01-05', '80005946', '2013-01-05', '80005932', '2013-01-05');
INSERT INTO `wf_operatecontent` VALUES ('403', 'DR00000010', '16', '', '将污泥干化系统低压进料泵开关404M01-2推至试验位置；', '404M', '北京电厂', 'DR', '电气倒闸操作票', '一单元', '电气系统', '电气', '污泥干化系统低压进料泵开关404M01-2检修转热备用', '低压进料泵开关', '404M01-2', '00111', '化学电气', '80005946', '2013-01-05', '80005946', '2013-01-05', '80005932', '2013-01-05');
INSERT INTO `wf_operatecontent` VALUES ('404', 'DR00000010', '17', '', '将污泥干化系统低压进料泵开关404M01-2推至工作位置；', '404M', '北京电厂', 'DR', '电气倒闸操作票', '一单元', '电气系统', '电气', '污泥干化系统低压进料泵开关404M01-2检修转热备用', '低压进料泵开关', '404M01-2', '00111', '化学电气', '80005946', '2013-01-05', '80005946', '2013-01-05', '80005932', '2013-01-05');
INSERT INTO `wf_operatecontent` VALUES ('405', 'DR00000010', '18', '', '合上污泥干化系统低压进料泵开关404M01-2；', '404M', '北京电厂', 'DR', '电气倒闸操作票', '一单元', '电气系统', '电气', '污泥干化系统低压进料泵开关404M01-2检修转热备用', '低压进料泵开关', '404M01-2', '00111', '化学电气', '80005946', '2013-01-05', '80005946', '2013-01-05', '80005932', '2013-01-05');
INSERT INTO `wf_operatecontent` VALUES ('406', 'DR00000010', '19', '', '检查污泥干化系统低压进料泵开关404M01-2确已合好;', '404M', '北京电厂', 'DR', '电气倒闸操作票', '一单元', '电气系统', '电气', '污泥干化系统低压进料泵开关404M01-2检修转热备用', '低压进料泵开关', '404M01-2', '00111', '化学电气', '80005946', '2013-01-05', '80005946', '2013-01-05', '80005932', '2013-01-05');
INSERT INTO `wf_operatecontent` VALUES ('407', 'DR00000010', '20', '', '合上污泥干化系统低压进料泵开关404M01-2控制电源；', '404M', '北京电厂', 'DR', '电气倒闸操作票', '一单元', '电气系统', '电气', '污泥干化系统低压进料泵开关404M01-2检修转热备用', '低压进料泵开关', '404M01-2', '00111', '化学电气', '80005946', '2013-01-05', '80005946', '2013-01-05', '80005932', '2013-01-05');
INSERT INTO `wf_operatecontent` VALUES ('408', 'DR00000010', '21', '', '将污泥干化系统低压进料泵开关404M01-2 选择方式搬把打至\"远方\"。', '404M', '北京电厂', 'DR', '电气倒闸操作票', '一单元', '电气系统', '电气', '污泥干化系统低压进料泵开关404M01-2检修转热备用', '低压进料泵开关', '404M01-2', '00111', '化学电气', '80005946', '2013-01-05', '80005946', '2013-01-05', '80005932', '2013-01-05');
INSERT INTO `wf_operatecontent` VALUES ('409', 'DR00000011', '1', '1001+1002+1003', '检查相应的检修工作已结束，工作票已收回；', '404M', '北京电厂', 'DR', '电气倒闸操作票', '一单元', '电气系统', '电气', '污泥干化系统污泥循环泵B开关404M01-6检修转热备用', '污泥循环泵B开关', '404M01-6', '00111', '化学电气', '80005946', '2013-01-05', '80005946', '2013-01-05', '80005932', '2013-01-05');
INSERT INTO `wf_operatecontent` VALUES ('410', 'DR00000011', '2', '', '穿好防护服，戴好防护面罩和手套；', '404M', '北京电厂', 'DR', '电气倒闸操作票', '一单元', '电气系统', '电气', '污泥干化系统污泥循环泵B开关404M01-6检修转热备用', '污泥循环泵B开关', '404M01-6', '00111', '化学电气', '80005946', '2013-01-05', '80005946', '2013-01-05', '80005932', '2013-01-05');
INSERT INTO `wf_operatecontent` VALUES ('411', 'DR00000011', '3', '', '悬挂污泥干化系统污泥循环泵B开关404M01-6柜上\"禁止合闸，有人工作\"标示牌', '404M', '北京电厂', 'DR', '电气倒闸操作票', '一单元', '电气系统', '电气', '污泥干化系统污泥循环泵B开关404M01-6检修转热备用', '污泥循环泵B开关', '404M01-6', '00111', '化学电气', '80005946', '2013-01-05', '80005946', '2013-01-05', '80005932', '2013-01-05');
INSERT INTO `wf_operatecontent` VALUES ('412', 'DR00000011', '4', '', '检查污泥干化系统污泥循环泵B开关404M01-6在检修位置；', '404M', '北京电厂', 'DR', '电气倒闸操作票', '一单元', '电气系统', '电气', '污泥干化系统污泥循环泵B开关404M01-6检修转热备用', '污泥循环泵B开关', '404M01-6', '00111', '化学电气', '80005946', '2013-01-05', '80005946', '2013-01-05', '80005932', '2013-01-05');
INSERT INTO `wf_operatecontent` VALUES ('413', 'DR00000011', '5', '', '验证污泥干化系统污泥循环泵B开关404M01-6负荷侧A相无电；', '404M', '北京电厂', 'DR', '电气倒闸操作票', '一单元', '电气系统', '电气', '污泥干化系统污泥循环泵B开关404M01-6检修转热备用', '污泥循环泵B开关', '404M01-6', '00111', '化学电气', '80005946', '2013-01-05', '80005946', '2013-01-05', '80005932', '2013-01-05');
INSERT INTO `wf_operatecontent` VALUES ('414', 'DR00000011', '6', '', '验证污泥干化系统污泥循环泵B开关404M01-6负荷侧B相无电；', '404M', '北京电厂', 'DR', '电气倒闸操作票', '一单元', '电气系统', '电气', '污泥干化系统污泥循环泵B开关404M01-6检修转热备用', '污泥循环泵B开关', '404M01-6', '00111', '化学电气', '80005946', '2013-01-05', '80005946', '2013-01-05', '80005932', '2013-01-05');
INSERT INTO `wf_operatecontent` VALUES ('415', 'DR00000011', '7', '2001', '验证污泥干化系统污泥循环泵B开关404M01-6负荷侧C相无电；', '404M', '北京电厂', 'DR', '电气倒闸操作票', '一单元', '电气系统', '电气', '污泥干化系统污泥循环泵B开关404M01-6检修转热备用', '污泥循环泵B开关', '404M01-6', '00111', '化学电气', '80005946', '2013-01-05', '80005946', '2013-01-05', '80005932', '2013-01-05');
INSERT INTO `wf_operatecontent` VALUES ('416', 'DR00000011', '8', '', '测量污泥干化系统污泥循环泵B开关404M01-6负荷侧A相对地间绝缘电阻为      MΩ，合格；', '404M', '北京电厂', 'DR', '电气倒闸操作票', '一单元', '电气系统', '电气', '污泥干化系统污泥循环泵B开关404M01-6检修转热备用', '污泥循环泵B开关', '404M01-6', '00111', '化学电气', '80005946', '2013-01-05', '80005946', '2013-01-05', '80005932', '2013-01-05');
INSERT INTO `wf_operatecontent` VALUES ('417', 'DR00000011', '9', '', '测量污泥干化系统污泥循环泵B开关404M01-6负荷侧B相对地间绝缘电阻为      MΩ，合格；', '404M', '北京电厂', 'DR', '电气倒闸操作票', '一单元', '电气系统', '电气', '污泥干化系统污泥循环泵B开关404M01-6检修转热备用', '污泥循环泵B开关', '404M01-6', '00111', '化学电气', '80005946', '2013-01-05', '80005946', '2013-01-05', '80005932', '2013-01-05');
INSERT INTO `wf_operatecontent` VALUES ('418', 'DR00000011', '10', '', '测量污泥干化系统污泥循环泵B开关404M01-6负荷侧C相对地间绝缘电阻为      MΩ，合格；', '404M', '北京电厂', 'DR', '电气倒闸操作票', '一单元', '电气系统', '电气', '污泥干化系统污泥循环泵B开关404M01-6检修转热备用', '污泥循环泵B开关', '404M01-6', '00111', '化学电气', '80005946', '2013-01-05', '80005946', '2013-01-05', '80005932', '2013-01-05');
INSERT INTO `wf_operatecontent` VALUES ('419', 'DR00000011', '11', '', '测量污泥干化系统污泥循环泵B开关404M01-6负荷侧A、B相间电阻为   MΩ，合格；', '404M', '北京电厂', 'DR', '电气倒闸操作票', '一单元', '电气系统', '电气', '污泥干化系统污泥循环泵B开关404M01-6检修转热备用', '污泥循环泵B开关', '404M01-6', '00111', '化学电气', '80005946', '2013-01-05', '80005946', '2013-01-05', '80005932', '2013-01-05');
INSERT INTO `wf_operatecontent` VALUES ('420', 'DR00000011', '12', '', '测量污泥干化系统污泥循环泵B开关404M01-6负荷侧B、C相间电阻为   MΩ，合格；', '404M', '北京电厂', 'DR', '电气倒闸操作票', '一单元', '电气系统', '电气', '污泥干化系统污泥循环泵B开关404M01-6检修转热备用', '污泥循环泵B开关', '404M01-6', '00111', '化学电气', '80005946', '2013-01-05', '80005946', '2013-01-05', '80005932', '2013-01-05');
INSERT INTO `wf_operatecontent` VALUES ('421', 'DR00000011', '13', '', '测量污泥干化系统污泥循环泵B开关404M01-6负荷侧C、A相间电阻为   MΩ，合格；', '404M', '北京电厂', 'DR', '电气倒闸操作票', '一单元', '电气系统', '电气', '污泥干化系统污泥循环泵B开关404M01-6检修转热备用', '污泥循环泵B开关', '404M01-6', '00111', '化学电气', '80005946', '2013-01-05', '80005946', '2013-01-05', '80005932', '2013-01-05');
INSERT INTO `wf_operatecontent` VALUES ('422', 'DR00000011', '14', '', '检查污泥干化系统污泥循环泵B开关404M01-6在断开状态； 检查污泥干化系统污泥循环泵B开关404M01-6二次插头完好；', '404M', '北京电厂', 'DR', '电气倒闸操作票', '一单元', '电气系统', '电气', '污泥干化系统污泥循环泵B开关404M01-6检修转热备用', '污泥循环泵B开关', '404M01-6', '00111', '化学电气', '80005946', '2013-01-05', '80005946', '2013-01-05', '80005932', '2013-01-05');
INSERT INTO `wf_operatecontent` VALUES ('423', 'DR00000011', '15', '', '检查污泥干化系统污泥循环泵B开关404M01-6控制电源开关404M01-6在断；', '404M', '北京电厂', 'DR', '电气倒闸操作票', '一单元', '电气系统', '电气', '污泥干化系统污泥循环泵B开关404M01-6检修转热备用', '污泥循环泵B开关', '404M01-6', '00111', '化学电气', '80005946', '2013-01-05', '80005946', '2013-01-05', '80005932', '2013-01-05');
INSERT INTO `wf_operatecontent` VALUES ('424', 'DR00000011', '16', '', '将污泥干化系统污泥循环泵B开关404M01-6推至试验位置；', '404M', '北京电厂', 'DR', '电气倒闸操作票', '一单元', '电气系统', '电气', '污泥干化系统污泥循环泵B开关404M01-6检修转热备用', '污泥循环泵B开关', '404M01-6', '00111', '化学电气', '80005946', '2013-01-05', '80005946', '2013-01-05', '80005932', '2013-01-05');
INSERT INTO `wf_operatecontent` VALUES ('425', 'DR00000011', '17', '', '将污泥干化系统污泥循环泵B开关404M01-6推至工作位置；', '404M', '北京电厂', 'DR', '电气倒闸操作票', '一单元', '电气系统', '电气', '污泥干化系统污泥循环泵B开关404M01-6检修转热备用', '污泥循环泵B开关', '404M01-6', '00111', '化学电气', '80005946', '2013-01-05', '80005946', '2013-01-05', '80005932', '2013-01-05');
INSERT INTO `wf_operatecontent` VALUES ('426', 'DR00000011', '18', '', '合上污泥干化系统污泥循环泵B开关404M01-6；固定二维码', '404M', '北京电厂', 'DR', '电气倒闸操作票', '一单元', '电气系统', '电气', '污泥干化系统污泥循环泵B开关404M01-6检修转热备用', '污泥循环泵B开关', '404M01-6', '00111', '化学电气', '80005946', '2013-01-05', '80005946', '2013-01-05', '80005932', '2013-01-05');
INSERT INTO `wf_operatecontent` VALUES ('427', 'DR00000011', '19', '', '检查污泥干化系统污泥循环泵B开关404M01-6确已合好;', '404M', '北京电厂', 'DR', '电气倒闸操作票', '一单元', '电气系统', '电气', '污泥干化系统污泥循环泵B开关404M01-6检修转热备用', '污泥循环泵B开关', '404M01-6', '00111', '化学电气', '80005946', '2013-01-05', '80005946', '2013-01-05', '80005932', '2013-01-05');
INSERT INTO `wf_operatecontent` VALUES ('428', 'DR00000011', '20', '', '合上污泥干化系统污泥循环泵B开关404M01-6控制电源；', '404M', '北京电厂', 'DR', '电气倒闸操作票', '一单元', '电气系统', '电气', '污泥干化系统污泥循环泵B开关404M01-6检修转热备用', '污泥循环泵B开关', '404M01-6', '00111', '化学电气', '80005946', '2013-01-05', '80005946', '2013-01-05', '80005932', '2013-01-05');
INSERT INTO `wf_operatecontent` VALUES ('429', 'DR00000011', '21', '', '将污泥干化系统污泥循环泵B开关404M01-6 选择方式搬把打至\"远方\"。', '404M', '北京电厂', 'DR', '电气倒闸操作票', '一单元', '电气系统', '电气', '污泥干化系统污泥循环泵B开关404M01-6检修转热备用', '污泥循环泵B开关', '404M01-6', '00111', '化学电气', '80005946', '2013-01-05', '80005946', '2013-01-05', '80005932', '2013-01-05');
INSERT INTO `wf_operatecontent` VALUES ('430', 'DR00000012', '1', '', '检查相应的检修工作已结束，工作票已收回；', '404M', '北京电厂', 'DR', '电气倒闸操作票', '一单元', '电气系统', '电气', '污泥干化系统皮带输送机开关404M01-4检修转热备用', '皮带输送机开关', '404M01-4', '00111', '化学电气', '80005946', '2013-01-05', '80005946', '2013-01-05', '80005932', '2013-01-05');
INSERT INTO `wf_operatecontent` VALUES ('431', 'DR00000012', '2', '', '穿好防护服，戴好防护面罩和手套；', '404M', '北京电厂', 'DR', '电气倒闸操作票', '一单元', '电气系统', '电气', '污泥干化系统皮带输送机开关404M01-4检修转热备用', '皮带输送机开关', '404M01-4', '00111', '化学电气', '80005946', '2013-01-05', '80005946', '2013-01-05', '80005932', '2013-01-05');
INSERT INTO `wf_operatecontent` VALUES ('432', 'DR00000012', '3', '', '摘除污泥干化系统皮带输送机开关404M01-4柜上\"禁止合闸，有人工作\"标示牌；', '404M', '北京电厂', 'DR', '电气倒闸操作票', '一单元', '电气系统', '电气', '污泥干化系统皮带输送机开关404M01-4检修转热备用', '皮带输送机开关', '404M01-4', '00111', '化学电气', '80005946', '2013-01-05', '80005946', '2013-01-05', '80005932', '2013-01-05');
INSERT INTO `wf_operatecontent` VALUES ('433', 'DR00000012', '4', '', '检查污泥干化系统皮带输送机开关404M01-4在检修位置；', '404M', '北京电厂', 'DR', '电气倒闸操作票', '一单元', '电气系统', '电气', '污泥干化系统皮带输送机开关404M01-4检修转热备用', '皮带输送机开关', '404M01-4', '00111', '化学电气', '80005946', '2013-01-05', '80005946', '2013-01-05', '80005932', '2013-01-05');
INSERT INTO `wf_operatecontent` VALUES ('434', 'DR00000012', '5', '', '验证污泥干化系统皮带输送机开关404M01-4负荷侧A相无电；', '404M', '北京电厂', 'DR', '电气倒闸操作票', '一单元', '电气系统', '电气', '污泥干化系统皮带输送机开关404M01-4检修转热备用', '皮带输送机开关', '404M01-4', '00111', '化学电气', '80005946', '2013-01-05', '80005946', '2013-01-05', '80005932', '2013-01-05');
INSERT INTO `wf_operatecontent` VALUES ('435', 'DR00000012', '6', '', '验证污泥干化系统皮带输送机开关404M01-4负荷侧B相无电；', '404M', '北京电厂', 'DR', '电气倒闸操作票', '一单元', '电气系统', '电气', '污泥干化系统皮带输送机开关404M01-4检修转热备用', '皮带输送机开关', '404M01-4', '00111', '化学电气', '80005946', '2013-01-05', '80005946', '2013-01-05', '80005932', '2013-01-05');
INSERT INTO `wf_operatecontent` VALUES ('436', 'DR00000012', '7', '', '验证污泥干化系统皮带输送机开关404M01-4负荷侧C相无电；', '404M', '北京电厂', 'DR', '电气倒闸操作票', '一单元', '电气系统', '电气', '污泥干化系统皮带输送机开关404M01-4检修转热备用', '皮带输送机开关', '404M01-4', '00111', '化学电气', '80005946', '2013-01-05', '80005946', '2013-01-05', '80005932', '2013-01-05');
INSERT INTO `wf_operatecontent` VALUES ('437', 'DR00000012', '8', '', '测量污泥干化系统皮带输送机开关404M01-4负荷侧A相对地间绝缘电阻为      MΩ，合格；', '404M', '北京电厂', 'DR', '电气倒闸操作票', '一单元', '电气系统', '电气', '污泥干化系统皮带输送机开关404M01-4检修转热备用', '皮带输送机开关', '404M01-4', '00111', '化学电气', '80005946', '2013-01-05', '80005946', '2013-01-05', '80005932', '2013-01-05');
INSERT INTO `wf_operatecontent` VALUES ('438', 'DR00000012', '9', '', '测量污泥干化系统皮带输送机开关404M01-4负荷侧B相对地间绝缘电阻为      MΩ，合格；', '404M', '北京电厂', 'DR', '电气倒闸操作票', '一单元', '电气系统', '电气', '污泥干化系统皮带输送机开关404M01-4检修转热备用', '皮带输送机开关', '404M01-4', '00111', '化学电气', '80005946', '2013-01-05', '80005946', '2013-01-05', '80005932', '2013-01-05');
INSERT INTO `wf_operatecontent` VALUES ('439', 'DR00000012', '10', '', '测量污泥干化系统皮带输送机开关404M01-4负荷侧C相对地间绝缘电阻为      MΩ，合格；', '404M', '北京电厂', 'DR', '电气倒闸操作票', '一单元', '电气系统', '电气', '污泥干化系统皮带输送机开关404M01-4检修转热备用', '皮带输送机开关', '404M01-4', '00111', '化学电气', '80005946', '2013-01-05', '80005946', '2013-01-05', '80005932', '2013-01-05');
INSERT INTO `wf_operatecontent` VALUES ('440', 'DR00000012', '11', '', '测量污泥干化系统皮带输送机开关404M01-4负荷侧A、B相间电阻为   MΩ，合格；', '404M', '北京电厂', 'DR', '电气倒闸操作票', '一单元', '电气系统', '电气', '污泥干化系统皮带输送机开关404M01-4检修转热备用', '皮带输送机开关', '404M01-4', '00111', '化学电气', '80005946', '2013-01-05', '80005946', '2013-01-05', '80005932', '2013-01-05');
INSERT INTO `wf_operatecontent` VALUES ('441', 'DR00000012', '12', '', '测量污泥干化系统皮带输送机开关404M01-4负荷侧B、C相间电阻为   MΩ，合格；', '404M', '北京电厂', 'DR', '电气倒闸操作票', '一单元', '电气系统', '电气', '污泥干化系统皮带输送机开关404M01-4检修转热备用', '皮带输送机开关', '404M01-4', '00111', '化学电气', '80005946', '2013-01-05', '80005946', '2013-01-05', '80005932', '2013-01-05');
INSERT INTO `wf_operatecontent` VALUES ('442', 'DR00000012', '13', '', '测量污泥干化系统皮带输送机开关404M01-4负荷侧C、A相间电阻为   MΩ，合格；', '404M', '北京电厂', 'DR', '电气倒闸操作票', '一单元', '电气系统', '电气', '污泥干化系统皮带输送机开关404M01-4检修转热备用', '皮带输送机开关', '404M01-4', '00111', '化学电气', '80005946', '2013-01-05', '80005946', '2013-01-05', '80005932', '2013-01-05');
INSERT INTO `wf_operatecontent` VALUES ('443', 'DR00000012', '14', '', '检查污泥干化系统皮带输送机开关404M01-4在断开状态； 检查污泥干化系统皮带输送机开关404M01-4二次插头完好；', '404M', '北京电厂', 'DR', '电气倒闸操作票', '一单元', '电气系统', '电气', '污泥干化系统皮带输送机开关404M01-4检修转热备用', '皮带输送机开关', '404M01-4', '00111', '化学电气', '80005946', '2013-01-05', '80005946', '2013-01-05', '80005932', '2013-01-05');
INSERT INTO `wf_operatecontent` VALUES ('444', 'DR00000012', '15', '', '检查污泥干化系统皮带输送机开关404M01-4控制电源开关404M01-4在断；', '404M', '北京电厂', 'DR', '电气倒闸操作票', '一单元', '电气系统', '电气', '污泥干化系统皮带输送机开关404M01-4检修转热备用', '皮带输送机开关', '404M01-4', '00111', '化学电气', '80005946', '2013-01-05', '80005946', '2013-01-05', '80005932', '2013-01-05');
INSERT INTO `wf_operatecontent` VALUES ('445', 'DR00000012', '16', '', '将污泥干化系统皮带输送机开关404M01-4推至试验位置；', '404M', '北京电厂', 'DR', '电气倒闸操作票', '一单元', '电气系统', '电气', '污泥干化系统皮带输送机开关404M01-4检修转热备用', '皮带输送机开关', '404M01-4', '00111', '化学电气', '80005946', '2013-01-05', '80005946', '2013-01-05', '80005932', '2013-01-05');
INSERT INTO `wf_operatecontent` VALUES ('446', 'DR00000012', '17', '', '将污泥干化系统皮带输送机开关404M01-4推至工作位置；', '404M', '北京电厂', 'DR', '电气倒闸操作票', '一单元', '电气系统', '电气', '污泥干化系统皮带输送机开关404M01-4检修转热备用', '皮带输送机开关', '404M01-4', '00111', '化学电气', '80005946', '2013-01-05', '80005946', '2013-01-05', '80005932', '2013-01-05');
INSERT INTO `wf_operatecontent` VALUES ('447', 'DR00000012', '18', '', '合上污泥干化系统皮带输送机开关404M01-4；', '404M', '北京电厂', 'DR', '电气倒闸操作票', '一单元', '电气系统', '电气', '污泥干化系统皮带输送机开关404M01-4检修转热备用', '皮带输送机开关', '404M01-4', '00111', '化学电气', '80005946', '2013-01-05', '80005946', '2013-01-05', '80005932', '2013-01-05');
INSERT INTO `wf_operatecontent` VALUES ('448', 'DR00000012', '19', '', '检查污泥干化系统皮带输送机开关404M01-4确已合好;', '404M', '北京电厂', 'DR', '电气倒闸操作票', '一单元', '电气系统', '电气', '污泥干化系统皮带输送机开关404M01-4检修转热备用', '皮带输送机开关', '404M01-4', '00111', '化学电气', '80005946', '2013-01-05', '80005946', '2013-01-05', '80005932', '2013-01-05');
INSERT INTO `wf_operatecontent` VALUES ('449', 'DR00000012', '20', '', '合上污泥干化系统皮带输送机开关404M01-4控制电源；', '404M', '北京电厂', 'DR', '电气倒闸操作票', '一单元', '电气系统', '电气', '污泥干化系统皮带输送机开关404M01-4检修转热备用', '皮带输送机开关', '404M01-4', '00111', '化学电气', '80005946', '2013-01-05', '80005946', '2013-01-05', '80005932', '2013-01-05');
INSERT INTO `wf_operatecontent` VALUES ('450', 'DR00000012', '21', '', '将污泥干化系统皮带输送机开关404M01-4 选择方式搬把打至\"远方\"。', '404M', '北京电厂', 'DR', '电气倒闸操作票', '一单元', '电气系统', '电气', '污泥干化系统皮带输送机开关404M01-4检修转热备用', '皮带输送机开关', '404M01-4', '00111', '化学电气', '80005946', '2013-01-05', '80005946', '2013-01-05', '80005932', '2013-01-05');

-- ----------------------------
-- Table structure for `wf_operateticketstate`
-- ----------------------------
DROP TABLE IF EXISTS `wf_operateticketstate`;
CREATE TABLE `wf_operateticketstate` (
  `id` int(10) NOT NULL AUTO_INCREMENT COMMENT '缺陷状态表ID',
  `name` varchar(100) DEFAULT NULL COMMENT '缺陷状态名称',
  PRIMARY KEY (`id`)
) ENGINE=InnoDB AUTO_INCREMENT=4 DEFAULT CHARSET=utf8;

-- ----------------------------
-- Records of wf_operateticketstate
-- ----------------------------
INSERT INTO `wf_operateticketstate` VALUES ('1', '已保存');
INSERT INTO `wf_operateticketstate` VALUES ('2', '已提交');
INSERT INTO `wf_operateticketstate` VALUES ('3', '已审核');

-- ----------------------------
-- Table structure for `wf_permission`
-- ----------------------------
DROP TABLE IF EXISTS `wf_permission`;
CREATE TABLE `wf_permission` (
  `id` int(11) NOT NULL AUTO_INCREMENT COMMENT '权限表ID',
  `permission` varchar(50) NOT NULL,
  `description` varchar(200) NOT NULL COMMENT '权限中文描述',
  `status` int(11) NOT NULL DEFAULT '1' COMMENT '状态，是否启用该权限',
  `category` varchar(50) NOT NULL,
  `name` varchar(50) NOT NULL,
  `url` varchar(50) NOT NULL COMMENT '权限标识',
  PRIMARY KEY (`id`)
) ENGINE=InnoDB AUTO_INCREMENT=10 DEFAULT CHARSET=utf8;

-- ----------------------------
-- Records of wf_permission
-- ----------------------------
INSERT INTO `wf_permission` VALUES ('1', 'a.uer.edit', '所有权限', '1', '所有', '全部', '/**');
INSERT INTO `wf_permission` VALUES ('2', 'login', '登录页', '1', '登录功能', '登录', '/auth/**');
INSERT INTO `wf_permission` VALUES ('3', 'home', '登录后框架页', '1', '用户框架页', '框架页', '/index/**');
INSERT INTO `wf_permission` VALUES ('4', 'permission', '权限管理', '1', '权限管理', '所有', '/permission/**');
INSERT INTO `wf_permission` VALUES ('5', 'user', '用户管理', '1', '人员管理', '所有', '/user/**');
INSERT INTO `wf_permission` VALUES ('6', 'role', '角色管理', '1', '角色管理', '所有', '/role/**');
INSERT INTO `wf_permission` VALUES ('7', 'department', '部门管理', '1', '部门管理', '所有', '/department/**');
INSERT INTO `wf_permission` VALUES ('8', 'position', '岗位管理', '1', '岗位管理', '所有', '/position/**');
INSERT INTO `wf_permission` VALUES ('9', 'permission_add', '权限管理-新增', '1', '权限管理', '新增权限', '/permission/add');

-- ----------------------------
-- Table structure for `wf_position`
-- ----------------------------
DROP TABLE IF EXISTS `wf_position`;
CREATE TABLE `wf_position` (
  `id` int(11) NOT NULL AUTO_INCREMENT COMMENT '岗位表ID',
  `name` varchar(50) NOT NULL COMMENT '岗位名称',
  `description` varchar(200) NOT NULL COMMENT '岗位描述',
  PRIMARY KEY (`id`)
) ENGINE=InnoDB AUTO_INCREMENT=19 DEFAULT CHARSET=utf8;

-- ----------------------------
-- Records of wf_position
-- ----------------------------
INSERT INTO `wf_position` VALUES ('1', '值长', '值长');
INSERT INTO `wf_position` VALUES ('2', '副值长', '副值长');
INSERT INTO `wf_position` VALUES ('3', '集控主值', '集控主值');
INSERT INTO `wf_position` VALUES ('4', '集控副值', '集控副值');
INSERT INTO `wf_position` VALUES ('5', '巡操员', '巡操员');
INSERT INTO `wf_position` VALUES ('6', '学员', '学员');
INSERT INTO `wf_position` VALUES ('7', '机务主管', '机务主管');
INSERT INTO `wf_position` VALUES ('8', '机务班长', '机务班长');
INSERT INTO `wf_position` VALUES ('9', '机务主责', '机务主责');
INSERT INTO `wf_position` VALUES ('10', '机务技术员', '机务技术员');
INSERT INTO `wf_position` VALUES ('11', '热控主管', '热控主管');
INSERT INTO `wf_position` VALUES ('12', '热控班长', '热控班长');
INSERT INTO `wf_position` VALUES ('13', '热控主责', '热控主责');
INSERT INTO `wf_position` VALUES ('14', '热控技术员', '热控技术员');
INSERT INTO `wf_position` VALUES ('15', '电气主管', '电气主管');
INSERT INTO `wf_position` VALUES ('16', '电气班长', '电气班长');
INSERT INTO `wf_position` VALUES ('17', '电气主责', '电气主责');
INSERT INTO `wf_position` VALUES ('18', '电气技术员', '电气技术员');

-- ----------------------------
-- Table structure for `wf_role`
-- ----------------------------
DROP TABLE IF EXISTS `wf_role`;
CREATE TABLE `wf_role` (
  `id` int(11) NOT NULL AUTO_INCREMENT COMMENT '角色表ID',
  `name` varchar(50) DEFAULT NULL COMMENT '角色名称',
  `description` varchar(200) DEFAULT NULL,
  `status` int(11) NOT NULL DEFAULT '1',
  `created_at` timestamp NOT NULL DEFAULT CURRENT_TIMESTAMP ON UPDATE CURRENT_TIMESTAMP,
  `updated_at` timestamp NULL DEFAULT NULL,
  `deleted_at` timestamp NULL DEFAULT NULL,
  PRIMARY KEY (`id`)
) ENGINE=InnoDB AUTO_INCREMENT=11 DEFAULT CHARSET=utf8;

-- ----------------------------
-- Records of wf_role
-- ----------------------------
INSERT INTO `wf_role` VALUES ('1', '值长', null, '1', '2017-12-28 14:01:02', null, null);
INSERT INTO `wf_role` VALUES ('2', '操作人', null, '1', '2017-12-28 14:01:03', null, null);
INSERT INTO `wf_role` VALUES ('3', '监护人', null, '1', '2017-12-28 14:01:03', null, null);
INSERT INTO `wf_role` VALUES ('4', '值班负责人', null, '1', '2017-12-28 14:01:04', null, null);
INSERT INTO `wf_role` VALUES ('5', '工作票签收人', null, '1', '2017-12-28 14:01:05', null, null);
INSERT INTO `wf_role` VALUES ('6', '工作票许可人', null, '1', '2017-12-28 14:01:05', null, null);
INSERT INTO `wf_role` VALUES ('7', '签发人', null, '1', '2017-12-28 14:01:06', null, null);
INSERT INTO `wf_role` VALUES ('8', '工作负责人', null, '1', '2017-12-28 14:01:06', null, null);
INSERT INTO `wf_role` VALUES ('9', '工作班成员', null, '1', '2017-12-28 14:01:07', null, null);
INSERT INTO `wf_role` VALUES ('10', '工作联系人', null, '1', '2017-12-28 14:02:42', null, null);

-- ----------------------------
-- Table structure for `wf_role_menu`
-- ----------------------------
DROP TABLE IF EXISTS `wf_role_menu`;
CREATE TABLE `wf_role_menu` (
  `id` int(10) NOT NULL AUTO_INCREMENT,
  `role_id` int(10) NOT NULL,
  `menu_id` int(10) NOT NULL,
  PRIMARY KEY (`id`)
) ENGINE=InnoDB AUTO_INCREMENT=19 DEFAULT CHARSET=utf8;

-- ----------------------------
-- Records of wf_role_menu
-- ----------------------------
INSERT INTO `wf_role_menu` VALUES ('1', '1', '1');
INSERT INTO `wf_role_menu` VALUES ('2', '1', '2');
INSERT INTO `wf_role_menu` VALUES ('3', '1', '3');
INSERT INTO `wf_role_menu` VALUES ('4', '1', '4');
INSERT INTO `wf_role_menu` VALUES ('5', '1', '5');
INSERT INTO `wf_role_menu` VALUES ('6', '1', '6');
INSERT INTO `wf_role_menu` VALUES ('7', '1', '7');
INSERT INTO `wf_role_menu` VALUES ('8', '1', '8');
INSERT INTO `wf_role_menu` VALUES ('9', '1', '9');
INSERT INTO `wf_role_menu` VALUES ('10', '1', '10');
INSERT INTO `wf_role_menu` VALUES ('11', '1', '11');
INSERT INTO `wf_role_menu` VALUES ('12', '1', '12');
INSERT INTO `wf_role_menu` VALUES ('13', '1', '13');
INSERT INTO `wf_role_menu` VALUES ('14', '1', '14');
INSERT INTO `wf_role_menu` VALUES ('15', '1', '15');
INSERT INTO `wf_role_menu` VALUES ('16', '1', '16');
INSERT INTO `wf_role_menu` VALUES ('17', '1', '17');
INSERT INTO `wf_role_menu` VALUES ('18', '1', '18');

-- ----------------------------
-- Table structure for `wf_role_permission`
-- ----------------------------
DROP TABLE IF EXISTS `wf_role_permission`;
CREATE TABLE `wf_role_permission` (
  `id` int(11) NOT NULL AUTO_INCREMENT,
  `role_id` int(11) NOT NULL,
  `permission_id` int(11) NOT NULL,
  PRIMARY KEY (`id`)
) ENGINE=InnoDB AUTO_INCREMENT=2 DEFAULT CHARSET=utf8;

-- ----------------------------
-- Records of wf_role_permission
-- ----------------------------
INSERT INTO `wf_role_permission` VALUES ('1', '1', '3');

-- ----------------------------
-- Table structure for `wf_user`
-- ----------------------------
DROP TABLE IF EXISTS `wf_user`;
CREATE TABLE `wf_user` (
  `id` int(11) NOT NULL AUTO_INCREMENT COMMENT '用户表ID',
  `username` varchar(50) NOT NULL COMMENT '登录用户名',
  `pwd` varchar(50) NOT NULL COMMENT '登录密码',
  `worknum` varchar(50) NOT NULL COMMENT '工号',
  `email` varchar(100) DEFAULT '' COMMENT '邮箱',
  `mobile` varchar(20) DEFAULT NULL COMMENT '手机号码',
  `avatar` varchar(200) DEFAULT '' COMMENT '用户头像',
  `name` varchar(100) NOT NULL COMMENT '姓名',
  `sex` char(1) NOT NULL COMMENT '性别',
  `departmentIds` varchar(50) NOT NULL COMMENT '部门多个ID逗号连接',
  `broleIds` varchar(50) NOT NULL COMMENT '业务角色多个ID逗号连接',
  `roleIds` varchar(50) NOT NULL COMMENT '系统角色多个ID逗号连接',
  `status` int(11) NOT NULL DEFAULT '1',
  `created_at` timestamp NOT NULL DEFAULT '0000-00-00 00:00:00' ON UPDATE CURRENT_TIMESTAMP,
  `updated_at` timestamp NOT NULL DEFAULT '0000-00-00 00:00:00' ON UPDATE CURRENT_TIMESTAMP,
  `deleted_at` timestamp NOT NULL DEFAULT '0000-00-00 00:00:00',
  PRIMARY KEY (`id`)
) ENGINE=InnoDB AUTO_INCREMENT=5 DEFAULT CHARSET=utf8;

-- ----------------------------
-- Records of wf_user
-- ----------------------------
INSERT INTO `wf_user` VALUES ('1', 'admin', '111', '111', null, '15010801461', null, 'admin', '1', '1', '1,2', '1', '1', '2018-01-06 23:39:39', '2018-01-06 23:39:39', '2017-12-27 10:20:47');
INSERT INTO `wf_user` VALUES ('2', '李白', '111', '9527', '', null, '', '李白', '1', '1', '1', '2', '1', '2018-01-06 23:39:40', '2018-01-06 23:39:40', '0000-00-00 00:00:00');
INSERT INTO `wf_user` VALUES ('3', '杜甫', '1', '87', '', null, '', '杜甫', '1', '1', '1', '4', '1', '2018-01-06 23:39:41', '2018-01-06 23:39:41', '0000-00-00 00:00:00');
INSERT INTO `wf_user` VALUES ('4', '白居易', '111', '888', '', null, '', '白居易', '1', '1', '1', '6', '1', '2018-01-06 23:39:43', '2018-01-06 23:39:43', '2017-12-28 18:42:31');

-- ----------------------------
-- Table structure for `wf_user_role`
-- ----------------------------
DROP TABLE IF EXISTS `wf_user_role`;
CREATE TABLE `wf_user_role` (
  `id` int(11) NOT NULL AUTO_INCREMENT,
  `user_id` int(11) NOT NULL,
  `role_id` int(11) NOT NULL,
  PRIMARY KEY (`id`)
) ENGINE=InnoDB AUTO_INCREMENT=16 DEFAULT CHARSET=utf8;

-- ----------------------------
-- Records of wf_user_role
-- ----------------------------
INSERT INTO `wf_user_role` VALUES ('1', '1', '1');
INSERT INTO `wf_user_role` VALUES ('2', '2', '2');
INSERT INTO `wf_user_role` VALUES ('3', '2', '3');
INSERT INTO `wf_user_role` VALUES ('4', '2', '4');
INSERT INTO `wf_user_role` VALUES ('5', '2', '5');
INSERT INTO `wf_user_role` VALUES ('6', '3', '5');
INSERT INTO `wf_user_role` VALUES ('7', '3', '4');
INSERT INTO `wf_user_role` VALUES ('8', '3', '3');
INSERT INTO `wf_user_role` VALUES ('13', '4', '3');
INSERT INTO `wf_user_role` VALUES ('14', '4', '4');
INSERT INTO `wf_user_role` VALUES ('15', '4', '5');

-- ----------------------------
-- Table structure for `wf_workticketstate`
-- ----------------------------
DROP TABLE IF EXISTS `wf_workticketstate`;
CREATE TABLE `wf_workticketstate` (
  `id` int(10) NOT NULL AUTO_INCREMENT COMMENT '缺陷状态表ID',
  `name` varchar(100) DEFAULT NULL COMMENT '缺陷状态名称',
  PRIMARY KEY (`id`)
) ENGINE=InnoDB AUTO_INCREMENT=4 DEFAULT CHARSET=utf8;

-- ----------------------------
-- Records of wf_workticketstate
-- ----------------------------
INSERT INTO `wf_workticketstate` VALUES ('1', '已保存');
INSERT INTO `wf_workticketstate` VALUES ('2', '已提交');
INSERT INTO `wf_workticketstate` VALUES ('3', '已审核');
